10787,01/11/2018 00:01:27,20.6
10788,01/11/2018 00:16:27,20.5
10789,01/11/2018 00:31:27,20.4
10790,01/11/2018 00:46:27,20.3
10791,01/11/2018 01:01:27,20.3
10792,01/11/2018 01:16:27,20.3
10793,01/11/2018 01:31:27,20.2
10794,01/11/2018 01:46:27,20.2
10795,01/11/2018 02:01:27,20.1
10796,01/11/2018 02:16:27,20.1
10797,01/11/2018 02:31:27,20
10798,01/11/2018 02:46:27,20
10799,01/11/2018 03:01:27,20
10800,01/11/2018 03:16:27,19.9
10801,01/11/2018 03:31:27,19.9
10802,01/11/2018 03:46:27,19.9
10803,01/11/2018 04:01:27,19.9
10804,01/11/2018 04:16:27,19.8
10805,01/11/2018 04:31:27,19.8
10806,01/11/2018 04:46:27,19.8
10807,01/11/2018 05:01:27,19.8
10808,01/11/2018 05:16:27,19.8
10809,01/11/2018 05:31:27,19.8
10810,01/11/2018 05:46:27,19.8
10811,01/11/2018 06:01:27,19.8
10812,01/11/2018 06:16:27,19.7
10813,01/11/2018 06:31:27,20.2
10814,01/11/2018 06:46:27,20.9
10815,01/11/2018 07:01:27,21.4
10816,01/11/2018 07:16:27,21.7
10817,01/11/2018 07:31:27,22.1
10818,01/11/2018 07:46:27,22.3
10819,01/11/2018 08:01:27,22.5
10820,01/11/2018 08:16:27,22.7
10821,01/11/2018 08:31:27,22.9
10822,01/11/2018 08:46:27,23.2
10823,01/11/2018 09:01:27,23.4
10824,01/11/2018 09:16:27,23.6
10825,01/11/2018 09:31:27,23.9
10826,01/11/2018 09:46:27,24.1
10827,01/11/2018 10:01:27,24.5
10828,01/11/2018 10:16:27,24.7
10829,01/11/2018 10:31:27,25.1
10830,01/11/2018 10:46:27,25.6
10831,01/11/2018 11:01:27,25.9
10832,01/11/2018 11:16:27,26.3
10833,01/11/2018 11:31:27,26.5
10834,01/11/2018 11:46:27,26.5
10835,01/11/2018 12:01:27,26.5
10836,01/11/2018 12:16:27,26.6
10837,01/11/2018 12:31:27,26.6
10838,01/11/2018 12:46:27,26.3
10839,01/11/2018 13:01:27,26.3
10840,01/11/2018 13:16:27,26.3
10841,01/11/2018 13:31:27,26.2
10842,01/11/2018 13:46:27,26.1
10843,01/11/2018 14:01:27,25.7
10844,01/11/2018 14:16:27,25.5
10845,01/11/2018 14:31:27,25.5
10846,01/11/2018 14:46:27,25.6
10847,01/11/2018 15:01:27,25.6
10848,01/11/2018 15:16:27,25.7
10849,01/11/2018 15:31:27,25.8
10850,01/11/2018 15:46:27,25.5
10851,01/11/2018 16:01:27,25.6
10852,01/11/2018 16:16:27,25.4
10853,01/11/2018 16:31:27,25.4
10854,01/11/2018 16:46:27,25.4
10855,01/11/2018 17:01:27,25.6
10856,01/11/2018 17:16:27,25.8
10857,01/11/2018 17:31:27,26.2
10858,01/11/2018 17:46:27,26.3
10859,01/11/2018 18:01:27,26.6
10860,01/11/2018 18:16:27,26.6
10861,01/11/2018 18:31:27,26.6
10862,01/11/2018 18:46:27,26.4
10863,01/11/2018 19:01:27,26.2
10864,01/11/2018 19:16:27,26
10865,01/11/2018 19:31:27,25.6
10866,01/11/2018 19:46:27,24.9
10867,01/11/2018 20:01:27,24.2
10868,01/11/2018 20:16:27,23.6
10869,01/11/2018 20:31:27,23.1
10870,01/11/2018 20:46:27,22.7
10871,01/11/2018 21:01:27,22.3
10872,01/11/2018 21:16:27,21.8
10873,01/11/2018 21:31:27,21.5
10874,01/11/2018 21:46:27,21.1
10875,01/11/2018 22:01:27,20.9
10876,01/11/2018 22:16:27,20.6
10877,01/11/2018 22:31:27,20.4
10878,01/11/2018 22:46:27,20.3
10879,01/11/2018 23:01:27,20.2
10880,01/11/2018 23:16:27,20.1
10881,01/11/2018 23:31:27,20
10882,01/11/2018 23:46:27,19.9
10883,02/11/2018 00:01:27,19.8
10884,02/11/2018 00:16:27,19.8
10885,02/11/2018 00:31:27,19.7
10886,02/11/2018 00:46:27,19.7
10887,02/11/2018 01:01:27,19.6
10888,02/11/2018 01:16:27,19.5
10889,02/11/2018 01:31:27,19.5
10890,02/11/2018 01:46:27,19.4
10891,02/11/2018 02:01:27,19.3
10892,02/11/2018 02:16:27,19.2
10893,02/11/2018 02:31:27,19.2
10894,02/11/2018 02:46:27,19.1
10895,02/11/2018 03:01:27,19.1
10896,02/11/2018 03:16:27,19
10897,02/11/2018 03:31:27,18.9
10898,02/11/2018 03:46:27,18.9
10899,02/11/2018 04:01:27,18.8
10900,02/11/2018 04:16:27,18.8
10901,02/11/2018 04:31:27,18.7
10902,02/11/2018 04:46:27,18.7
10903,02/11/2018 05:01:27,18.6
10904,02/11/2018 05:16:27,18.6
10905,02/11/2018 05:31:27,18.6
10906,02/11/2018 05:46:27,18.6
10907,02/11/2018 06:01:27,19.4
10908,02/11/2018 06:16:27,20.2
10909,02/11/2018 06:31:27,20.8
10910,02/11/2018 06:46:27,21.3
10911,02/11/2018 07:01:27,21.6
10912,02/11/2018 07:16:27,21.9
10913,02/11/2018 07:31:27,22
10914,02/11/2018 07:46:27,22.2
10915,02/11/2018 08:01:27,22.2
10916,02/11/2018 08:16:27,22.4
10917,02/11/2018 08:31:27,22.5
10918,02/11/2018 08:46:27,22.8
10919,02/11/2018 09:01:27,23.2
10920,02/11/2018 09:16:27,23.6
10921,02/11/2018 09:31:27,23.9
10922,02/11/2018 09:46:27,24.2
10923,02/11/2018 10:01:27,24.4
10924,02/11/2018 10:16:27,24.6
10925,02/11/2018 10:31:27,24.9
10926,02/11/2018 10:46:27,24.7
10927,02/11/2018 11:01:27,25
10928,02/11/2018 11:16:27,25.3
10929,02/11/2018 11:31:27,25.5
10930,02/11/2018 11:46:27,25.6
10931,02/11/2018 12:01:27,25.7
10932,02/11/2018 12:16:27,25.9
10933,02/11/2018 12:31:27,26.2
10934,02/11/2018 12:46:27,26.2
10935,02/11/2018 13:01:27,26.3
10936,02/11/2018 13:16:27,26.4
10937,02/11/2018 13:31:27,26.3
10938,02/11/2018 13:46:27,26.2
10939,02/11/2018 14:01:27,26.1
10940,02/11/2018 14:16:27,26
10941,02/11/2018 14:31:27,25.8
10942,02/11/2018 14:46:27,25.6
10943,02/11/2018 15:01:27,25.6
10944,02/11/2018 15:16:27,25.7
10945,02/11/2018 15:31:27,25.8
10946,02/11/2018 15:46:27,26.1
10947,02/11/2018 16:01:27,26.2
10948,02/11/2018 16:16:27,26.3
10949,02/11/2018 16:31:27,26.7
10950,02/11/2018 16:46:27,26.8
10951,02/11/2018 17:01:27,26.8
10952,02/11/2018 17:16:27,26.8
10953,02/11/2018 17:31:27,26.7
10954,02/11/2018 17:46:27,26.7
10955,02/11/2018 18:01:27,26.6
10956,02/11/2018 18:16:27,26.2
10957,02/11/2018 18:31:27,26
10958,02/11/2018 18:46:27,25.8
10959,02/11/2018 19:01:27,25.6
10960,02/11/2018 19:16:27,25.5
10961,02/11/2018 19:31:27,25
10962,02/11/2018 19:46:27,24.2
10963,02/11/2018 20:01:27,23.5
10964,02/11/2018 20:16:27,22.9
10965,02/11/2018 20:31:27,22.4
10966,02/11/2018 20:46:27,22
10967,02/11/2018 21:01:27,21.6
10968,02/11/2018 21:16:27,21.3
10969,02/11/2018 21:31:27,21
10970,02/11/2018 21:46:27,20.9
10971,02/11/2018 22:01:27,20.6
10972,02/11/2018 22:16:27,20.5
10973,02/11/2018 22:31:27,20.3
10974,02/11/2018 22:46:27,20.2
10975,02/11/2018 23:01:27,20.1
10976,02/11/2018 23:16:27,20
10977,02/11/2018 23:31:27,19.9
10978,02/11/2018 23:46:27,19.8
10979,03/11/2018 00:01:27,19.8
10980,03/11/2018 00:16:27,19.7
10981,03/11/2018 00:31:27,19.7
10982,03/11/2018 00:46:27,19.6
10983,03/11/2018 01:01:27,19.5
10984,03/11/2018 01:16:27,19.5
10985,03/11/2018 01:31:27,19.4
10986,03/11/2018 01:46:27,19.4
10987,03/11/2018 02:01:27,19.3
10988,03/11/2018 02:16:27,19.3
10989,03/11/2018 02:31:27,19.3
10990,03/11/2018 02:46:27,19.2
10991,03/11/2018 03:01:27,19.2
10992,03/11/2018 03:16:27,19.2
10993,03/11/2018 03:31:27,19.2
10994,03/11/2018 03:46:27,19.2
10995,03/11/2018 04:01:27,19.2
10996,03/11/2018 04:16:27,19.2
10997,03/11/2018 04:31:27,19.1
10998,03/11/2018 04:46:27,19.1
10999,03/11/2018 05:01:27,19.1
11000,03/11/2018 05:16:27,19
11001,03/11/2018 05:31:27,19
11002,03/11/2018 05:46:27,19
11003,03/11/2018 06:01:27,19.1
11004,03/11/2018 06:16:27,19.4
11005,03/11/2018 06:31:27,19.8
11006,03/11/2018 06:46:27,20.1
11007,03/11/2018 07:01:27,20.3
11008,03/11/2018 07:16:27,20.6
11009,03/11/2018 07:31:27,20.8
11010,03/11/2018 07:46:27,20.9
11011,03/11/2018 08:01:27,21
11012,03/11/2018 08:16:27,21.1
11013,03/11/2018 08:31:27,21.2
11014,03/11/2018 08:46:27,21.3
11015,03/11/2018 09:01:27,21.5
11016,03/11/2018 09:16:27,21.7
11017,03/11/2018 09:31:27,21.9
11018,03/11/2018 09:46:27,22
11019,03/11/2018 10:01:27,22
11020,03/11/2018 10:16:27,22
11021,03/11/2018 10:31:27,22
11022,03/11/2018 10:46:27,22.1
11023,03/11/2018 11:01:27,22.1
11024,03/11/2018 11:16:27,22.2
11025,03/11/2018 11:31:27,22.2
11026,03/11/2018 11:46:27,22.3
11027,03/11/2018 12:01:27,22.4
11028,03/11/2018 12:16:27,22.5
11029,03/11/2018 12:31:27,22.6
11030,03/11/2018 12:46:27,22.6
11031,03/11/2018 13:01:27,22.7
11032,03/11/2018 13:16:27,22.8
11033,03/11/2018 13:31:27,22.8
11034,03/11/2018 13:46:27,22.8
11035,03/11/2018 14:01:27,22.9
11036,03/11/2018 14:16:27,22.9
11037,03/11/2018 14:31:27,22.9
11038,03/11/2018 14:46:27,22.9
11039,03/11/2018 15:01:27,22.9
11040,03/11/2018 15:16:27,22.9
11041,03/11/2018 15:31:27,22.9
11042,03/11/2018 15:46:27,22.8
11043,03/11/2018 16:01:27,22.7
11044,03/11/2018 16:16:27,22.7
11045,03/11/2018 16:31:27,22.7
11046,03/11/2018 16:46:27,22.6
11047,03/11/2018 17:01:27,22.6
11048,03/11/2018 17:16:27,22.7
11049,03/11/2018 17:31:27,22.7
11050,03/11/2018 17:46:27,22.7
11051,03/11/2018 18:01:27,22.7
11052,03/11/2018 18:16:27,22.7
11053,03/11/2018 18:31:27,22.7
11054,03/11/2018 18:46:27,22.7
11055,03/11/2018 19:01:27,22.8
11056,03/11/2018 19:16:27,22.6
11057,03/11/2018 19:31:27,22.2
11058,03/11/2018 19:46:27,21.8
11059,03/11/2018 20:01:27,21.5
11060,03/11/2018 20:16:27,21.2
11061,03/11/2018 20:31:27,21
11062,03/11/2018 20:46:27,20.9
11063,03/11/2018 21:01:27,20.8
11064,03/11/2018 21:16:27,20.6
11065,03/11/2018 21:31:27,20.5
11066,03/11/2018 21:46:27,20.4
11067,03/11/2018 22:01:27,20.3
11068,03/11/2018 22:16:27,20.3
11069,03/11/2018 22:31:27,20.3
11070,03/11/2018 22:46:27,20.2
11071,03/11/2018 23:01:27,20.2
11072,03/11/2018 23:16:27,20.1
11073,03/11/2018 23:31:27,20.1
11074,03/11/2018 23:46:27,20
11075,04/11/2018 00:01:27,20
11076,04/11/2018 00:16:27,20
11077,04/11/2018 00:31:27,19.9
11078,04/11/2018 00:46:27,19.9
11079,04/11/2018 01:01:27,19.9
11080,04/11/2018 01:16:27,19.9
11081,04/11/2018 01:31:27,19.8
11082,04/11/2018 01:46:27,19.8
11083,04/11/2018 02:01:27,19.8
11084,04/11/2018 02:16:27,19.8
11085,04/11/2018 02:31:27,19.8
11086,04/11/2018 02:46:27,19.7
11087,04/11/2018 03:01:27,19.7
11088,04/11/2018 03:16:27,19.7
11089,04/11/2018 03:31:27,19.6
11090,04/11/2018 03:46:27,19.6
11091,04/11/2018 04:01:27,19.6
11092,04/11/2018 04:16:27,19.5
11093,04/11/2018 04:31:27,19.5
11094,04/11/2018 04:46:27,19.5
11095,04/11/2018 05:01:27,19.5
11096,04/11/2018 05:16:27,19.5
11097,04/11/2018 05:31:27,19.4
11098,04/11/2018 05:46:27,19.4
11099,04/11/2018 06:01:27,19.8
11100,04/11/2018 06:16:27,20.1
11101,04/11/2018 06:31:27,20.4
11102,04/11/2018 06:46:27,20.7
11103,04/11/2018 07:01:27,20.9
11104,04/11/2018 07:16:27,21.1
11105,04/11/2018 07:31:27,21.3
11106,04/11/2018 07:46:27,21.4
11107,04/11/2018 08:01:27,21.5
11108,04/11/2018 08:16:27,21.5
11109,04/11/2018 08:31:27,21.6
11110,04/11/2018 08:46:27,21.7
11111,04/11/2018 09:01:27,21.8
11112,04/11/2018 09:16:27,21.9
11113,04/11/2018 09:31:27,21.9
11114,04/11/2018 09:46:27,22
11115,04/11/2018 10:01:27,22
11116,04/11/2018 10:16:27,22
11117,04/11/2018 10:31:27,22
11118,04/11/2018 10:46:27,22
11119,04/11/2018 11:01:27,22.1
11120,04/11/2018 11:16:27,22.1
11121,04/11/2018 11:31:27,22.2
11122,04/11/2018 11:46:27,22.3
11123,04/11/2018 12:01:27,22.6
11124,04/11/2018 12:16:27,22.9
11125,04/11/2018 12:31:27,23
11126,04/11/2018 12:46:27,22.9
11127,04/11/2018 13:01:27,22.9
11128,04/11/2018 13:16:27,22.9
11129,04/11/2018 13:31:27,22.9
11130,04/11/2018 13:46:27,22.9
11131,04/11/2018 14:01:27,22.9
11132,04/11/2018 14:16:27,22.9
11133,04/11/2018 14:31:27,22.9
11134,04/11/2018 14:46:27,23
11135,04/11/2018 15:01:27,23
11136,04/11/2018 15:16:27,23
11137,04/11/2018 15:31:27,23
11138,04/11/2018 15:46:27,22.9
11139,04/11/2018 16:01:27,22.9
11140,04/11/2018 16:16:27,22.9
11141,04/11/2018 16:31:27,22.9
11142,04/11/2018 16:46:27,22.9
11143,04/11/2018 17:01:27,22.9
11144,04/11/2018 17:16:27,22.9
11145,04/11/2018 17:31:27,22.9
11146,04/11/2018 17:46:27,22.9
11147,04/11/2018 18:01:27,22.9
11148,04/11/2018 18:16:27,22.9
11149,04/11/2018 18:31:27,22.9
11150,04/11/2018 18:46:27,22.9
11151,04/11/2018 19:01:27,22.9
11152,04/11/2018 19:16:27,22.8
11153,04/11/2018 19:31:27,22.4
11154,04/11/2018 19:46:27,22.1
11155,04/11/2018 20:01:27,21.8
11156,04/11/2018 20:16:27,21.6
11157,04/11/2018 20:31:27,21.5
11158,04/11/2018 20:46:27,21.3
11159,04/11/2018 21:01:27,21.1
11160,04/11/2018 21:16:27,21
11161,04/11/2018 21:31:27,20.9
11162,04/11/2018 21:46:27,20.8
11163,04/11/2018 22:01:27,20.7
11164,04/11/2018 22:16:27,20.6
11165,04/11/2018 22:31:27,20.5
11166,04/11/2018 22:46:27,20.5
11167,04/11/2018 23:01:27,20.4
11168,04/11/2018 23:16:27,20.3
11169,04/11/2018 23:31:27,20.3
11170,04/11/2018 23:46:27,20.3
11171,05/11/2018 00:01:27,20.7
11172,05/11/2018 00:16:27,20.9
11173,05/11/2018 00:31:27,21.2
11174,05/11/2018 00:46:27,21.4
11175,05/11/2018 01:01:27,21.5
11176,05/11/2018 01:16:27,21.7
11177,05/11/2018 01:31:27,21.8
11178,05/11/2018 01:46:27,21.9
11179,05/11/2018 02:01:27,21.9
11180,05/11/2018 02:16:27,22
11181,05/11/2018 02:31:27,22.1
11182,05/11/2018 02:46:27,22.2
11183,05/11/2018 03:01:27,22.2
11184,05/11/2018 03:16:27,22.2
11185,05/11/2018 03:31:27,22.3
11186,05/11/2018 03:46:27,22.3
11187,05/11/2018 04:01:27,22.3
11188,05/11/2018 04:16:27,22.3
11189,05/11/2018 04:31:27,22.3
11190,05/11/2018 04:46:27,22.4
11191,05/11/2018 05:01:27,22.4
11192,05/11/2018 05:16:27,22.4
11193,05/11/2018 05:31:27,22.4
11194,05/11/2018 05:46:27,22.4
11195,05/11/2018 06:01:27,22.4
11196,05/11/2018 06:16:27,22.4
11197,05/11/2018 06:31:27,22.7
11198,05/11/2018 06:46:27,22.9
11199,05/11/2018 07:01:27,23
11200,05/11/2018 07:16:27,23.2
11201,05/11/2018 07:31:27,23.4
11202,05/11/2018 07:46:27,23.5
11203,05/11/2018 08:01:27,23.5
11204,05/11/2018 08:16:27,23.5
11205,05/11/2018 08:31:27,23.6
11206,05/11/2018 08:46:27,23.6
11207,05/11/2018 09:01:27,23.8
11208,05/11/2018 09:16:27,24
11209,05/11/2018 09:31:27,24.2
11210,05/11/2018 09:46:27,24.4
11211,05/11/2018 10:01:27,24.7
11212,05/11/2018 10:16:27,24.7
11213,05/11/2018 10:31:27,24.7
11214,05/11/2018 10:46:27,24.8
11215,05/11/2018 11:01:27,24.8
11216,05/11/2018 11:16:27,24.9
11217,05/11/2018 11:31:27,25.4
11218,05/11/2018 11:46:27,25.2
11219,05/11/2018 12:01:27,25.2
11220,05/11/2018 12:16:27,25.1
11221,05/11/2018 12:31:27,25.4
11222,05/11/2018 12:46:27,25.6
11223,05/11/2018 13:01:27,25.6
11224,05/11/2018 13:16:27,25.8
11225,05/11/2018 13:31:27,25.4
11226,05/11/2018 13:46:27,25.2
11227,05/11/2018 14:01:27,24.9
11228,05/11/2018 14:16:27,24.9
11229,05/11/2018 14:31:27,25.1
11230,05/11/2018 14:46:27,25.4
11231,05/11/2018 15:01:27,25.6
11232,05/11/2018 15:16:27,25.5
11233,05/11/2018 15:31:27,25.9
11234,05/11/2018 15:46:27,26.1
11235,05/11/2018 16:01:27,26.2
11236,05/11/2018 16:16:27,26.2
11237,05/11/2018 16:31:27,26.3
11238,05/11/2018 16:46:27,25.9
11239,05/11/2018 17:01:27,25.8
11240,05/11/2018 17:16:27,26.2
11241,05/11/2018 17:31:27,26.3
11242,05/11/2018 17:46:27,26.3
11243,05/11/2018 18:01:27,26.4
11244,05/11/2018 18:16:27,26.4
11245,05/11/2018 18:31:27,26.5
11246,05/11/2018 18:46:27,26.5
11247,05/11/2018 19:01:27,26.5
11248,05/11/2018 19:16:27,26.4
11249,05/11/2018 19:31:27,26.4
11250,05/11/2018 19:46:27,25.8
11251,05/11/2018 20:01:27,25.4
11252,05/11/2018 20:16:27,25.1
11253,05/11/2018 20:31:27,24.6
11254,05/11/2018 20:46:27,24.1
11255,05/11/2018 21:01:27,23.6
11256,05/11/2018 21:16:27,23.3
11257,05/11/2018 21:31:27,22.9
11258,05/11/2018 21:46:27,22.7
11259,05/11/2018 22:01:27,22.5
11260,05/11/2018 22:16:27,22.3
11261,05/11/2018 22:31:27,22.2
11262,05/11/2018 22:46:27,22.1
11263,05/11/2018 23:01:27,22
11264,05/11/2018 23:16:27,21.9
11265,05/11/2018 23:31:27,21.8
11266,05/11/2018 23:46:27,21.7
11267,06/11/2018 00:01:27,21.6
11268,06/11/2018 00:16:27,21.5
11269,06/11/2018 00:31:27,21.5
11270,06/11/2018 00:46:27,21.5
11271,06/11/2018 01:01:27,21.4
11272,06/11/2018 01:16:27,21.3
11273,06/11/2018 01:31:27,21.3
11274,06/11/2018 01:46:27,21.2
11275,06/11/2018 02:01:27,21.2
11276,06/11/2018 02:16:27,21.1
11277,06/11/2018 02:31:27,21.1
11278,06/11/2018 02:46:27,21
11279,06/11/2018 03:01:27,21
11280,06/11/2018 03:16:27,20.9
11281,06/11/2018 03:31:27,20.9
11282,06/11/2018 03:46:27,20.9
11283,06/11/2018 04:01:27,20.9
11284,06/11/2018 04:16:27,20.9
11285,06/11/2018 04:31:27,20.8
11286,06/11/2018 04:46:27,20.8
11287,06/11/2018 05:01:27,20.8
11288,06/11/2018 05:16:27,20.8
11289,06/11/2018 05:31:27,20.7
11290,06/11/2018 05:46:27,20.7
11291,06/11/2018 06:01:27,20.7
11292,06/11/2018 06:16:27,20.6
11293,06/11/2018 06:31:27,20.6
11294,06/11/2018 06:46:27,20.6
11295,06/11/2018 07:01:27,21
11296,06/11/2018 07:16:27,21.5
11297,06/11/2018 07:31:27,21.9
11298,06/11/2018 07:46:27,22.2
11299,06/11/2018 08:01:27,22.5
11300,06/11/2018 08:16:27,22.7
11301,06/11/2018 08:31:27,22.9
11302,06/11/2018 08:46:27,23.3
11303,06/11/2018 09:01:27,23.7
11304,06/11/2018 09:16:27,23.9
11305,06/11/2018 09:31:27,24
11306,06/11/2018 09:46:27,24.1
11307,06/11/2018 10:01:27,24.5
11308,06/11/2018 10:16:27,24.7
11309,06/11/2018 10:31:27,24.9
11310,06/11/2018 10:46:27,25.1
11311,06/11/2018 11:01:27,25.5
11312,06/11/2018 11:16:27,25.7
11313,06/11/2018 11:31:27,25.9
11314,06/11/2018 11:46:27,25.4
11315,06/11/2018 12:01:27,25.1
11316,06/11/2018 12:16:27,25.4
11317,06/11/2018 12:31:27,25.6
11318,06/11/2018 12:46:27,25.7
11319,06/11/2018 13:01:27,25.7
11320,06/11/2018 13:16:27,25.7
11321,06/11/2018 13:31:27,25.8
11322,06/11/2018 13:46:27,25.7
11323,06/11/2018 14:01:27,25.6
11324,06/11/2018 14:16:27,25.6
11325,06/11/2018 14:31:27,25.7
11326,06/11/2018 14:46:27,25.9
11327,06/11/2018 15:01:27,26
11328,06/11/2018 15:16:27,26
11329,06/11/2018 15:31:27,26.1
11330,06/11/2018 15:46:27,26.2
11331,06/11/2018 16:01:27,26.2
11332,06/11/2018 16:16:27,26.2
11333,06/11/2018 16:31:27,26.4
11334,06/11/2018 16:46:27,26.5
11335,06/11/2018 17:01:27,26.5
11336,06/11/2018 17:16:27,26.6
11337,06/11/2018 17:31:27,26.7
11338,06/11/2018 17:46:27,26.6
11339,06/11/2018 18:01:27,26.5
11340,06/11/2018 18:16:27,26.4
11341,06/11/2018 18:31:27,26.3
11342,06/11/2018 18:46:27,26.2
11343,06/11/2018 19:01:27,26.2
11344,06/11/2018 19:16:27,26.3
11345,06/11/2018 19:31:27,26.3
11346,06/11/2018 19:46:27,26
11347,06/11/2018 20:01:27,25.7
11348,06/11/2018 20:16:27,25.4
11349,06/11/2018 20:31:27,25.1
11350,06/11/2018 20:46:27,24.7
11351,06/11/2018 21:01:27,24.2
11352,06/11/2018 21:16:27,23.9
11353,06/11/2018 21:31:27,23.5
11354,06/11/2018 21:46:27,23.3
11355,06/11/2018 22:01:27,23
11356,06/11/2018 22:16:27,22.9
11357,06/11/2018 22:31:27,22.7
11358,06/11/2018 22:46:27,22.6
11359,06/11/2018 23:01:27,22.5
11360,06/11/2018 23:16:27,22.4
11361,06/11/2018 23:31:27,22.3
11362,06/11/2018 23:46:27,22.2
11363,07/11/2018 00:01:27,22.2
11364,07/11/2018 00:16:27,22.1
11365,07/11/2018 00:31:27,22.1
11366,07/11/2018 00:46:27,22
11367,07/11/2018 01:01:27,22
11368,07/11/2018 01:16:27,22
11369,07/11/2018 01:31:27,21.9
11370,07/11/2018 01:46:27,21.9
11371,07/11/2018 02:01:27,21.8
11372,07/11/2018 02:16:27,21.8
11373,07/11/2018 02:31:27,21.8
11374,07/11/2018 02:46:27,21.7
11375,07/11/2018 03:01:27,21.7
11376,07/11/2018 03:16:27,21.7
11377,07/11/2018 03:31:27,21.6
11378,07/11/2018 03:46:27,21.5
11379,07/11/2018 04:01:27,21.5
11380,07/11/2018 04:16:27,21.5
11381,07/11/2018 04:31:27,21.5
11382,07/11/2018 04:46:27,21.5
11383,07/11/2018 05:01:27,21.4
11384,07/11/2018 05:16:27,21.4
11385,07/11/2018 05:31:27,21.4
11386,07/11/2018 05:46:27,21.4
11387,07/11/2018 06:01:27,21.4
11388,07/11/2018 06:16:27,21.3
11389,07/11/2018 06:31:27,21.3
11390,07/11/2018 06:46:27,21.2
11391,07/11/2018 07:01:27,21.2
11392,07/11/2018 07:16:27,21.2
11393,07/11/2018 07:31:27,21.7
11394,07/11/2018 07:46:27,22.1
11395,07/11/2018 08:01:27,22.5
11396,07/11/2018 08:16:27,22.7
11397,07/11/2018 08:31:27,22.9
11398,07/11/2018 08:46:27,23.1
11399,07/11/2018 09:01:27,23.4
11400,07/11/2018 09:16:27,23.6
11401,07/11/2018 09:31:27,23.9
11402,07/11/2018 09:46:27,24.1
11403,07/11/2018 10:01:27,24.3
11404,07/11/2018 10:16:27,24.6
11405,07/11/2018 10:31:27,24.8
11406,07/11/2018 10:46:27,25
11407,07/11/2018 11:01:27,25.4
11408,07/11/2018 11:16:27,25.5
11409,07/11/2018 11:31:27,25.8
11410,07/11/2018 11:46:27,26.2
11411,07/11/2018 12:01:27,26.4
11412,07/11/2018 12:16:27,26.7
11413,07/11/2018 12:31:27,26.8
11414,07/11/2018 12:46:27,26.8
11415,07/11/2018 13:01:27,26.8
11416,07/11/2018 13:16:27,26.9
11417,07/11/2018 13:31:27,26.8
11418,07/11/2018 13:46:27,26.5
11419,07/11/2018 14:01:27,26.5
11420,07/11/2018 14:16:27,26.7
11421,07/11/2018 14:31:27,26.8
11422,07/11/2018 14:46:27,26.9
11423,07/11/2018 15:01:27,26.9
11424,07/11/2018 15:16:27,27
11425,07/11/2018 15:31:27,27
11426,07/11/2018 15:46:27,27.2
11427,07/11/2018 16:01:27,27.3
11428,07/11/2018 16:16:27,27.2
11429,07/11/2018 16:31:27,27.2
11430,07/11/2018 16:46:27,27.1
11431,07/11/2018 17:01:27,27.2
11432,07/11/2018 17:16:27,27.3
11433,07/11/2018 17:31:27,27.3
11434,07/11/2018 17:46:27,27.2
11435,07/11/2018 18:01:27,27.2
11436,07/11/2018 18:16:27,27.2
11437,07/11/2018 18:31:27,27.1
11438,07/11/2018 18:46:27,27
11439,07/11/2018 19:01:27,26.8
11440,07/11/2018 19:16:27,26.6
11441,07/11/2018 19:31:27,26.2
11442,07/11/2018 19:46:27,25.6
11443,07/11/2018 20:01:27,25.2
11444,07/11/2018 20:16:27,24.7
11445,07/11/2018 20:31:27,24.3
11446,07/11/2018 20:46:27,24
11447,07/11/2018 21:01:27,23.6
11448,07/11/2018 21:16:27,23.4
11449,07/11/2018 21:31:27,23.2
11450,07/11/2018 21:46:27,23
11451,07/11/2018 22:01:27,22.8
11452,07/11/2018 22:16:27,22.7
11453,07/11/2018 22:31:27,22.5
11454,07/11/2018 22:46:27,22.4
11455,07/11/2018 23:01:27,22.3
11456,07/11/2018 23:16:27,22.2
11457,07/11/2018 23:31:27,22.2
11458,07/11/2018 23:46:27,22.1
11459,08/11/2018 00:01:27,22
11460,08/11/2018 00:16:27,21.9
11461,08/11/2018 00:31:27,21.9
11462,08/11/2018 00:46:27,21.8
11463,08/11/2018 01:01:27,21.8
11464,08/11/2018 01:16:27,21.8
11465,08/11/2018 01:31:27,21.7
11466,08/11/2018 01:46:27,21.7
11467,08/11/2018 02:01:27,21.6
11468,08/11/2018 02:16:27,21.5
11469,08/11/2018 02:31:27,21.5
11470,08/11/2018 02:46:27,21.5
11471,08/11/2018 03:01:27,21.4
11472,08/11/2018 03:16:27,21.4
11473,08/11/2018 03:31:27,21.3
11474,08/11/2018 03:46:27,21.3
11475,08/11/2018 04:01:27,21.2
11476,08/11/2018 04:16:27,21.2
11477,08/11/2018 04:31:27,21.1
11478,08/11/2018 04:46:27,21
11479,08/11/2018 05:01:27,20.9
11480,08/11/2018 05:16:27,20.9
11481,08/11/2018 05:31:27,20.8
11482,08/11/2018 05:46:27,20.8
11483,08/11/2018 06:01:27,20.7
11484,08/11/2018 06:16:27,20.6
11485,08/11/2018 06:31:27,20.6
11486,08/11/2018 06:46:27,20.5
11487,08/11/2018 07:01:27,20.5
11488,08/11/2018 07:16:27,20.7
11489,08/11/2018 07:31:27,21.3
11490,08/11/2018 07:46:27,21.8
11491,08/11/2018 08:01:27,22.2
11492,08/11/2018 08:16:27,22.6
11493,08/11/2018 08:31:27,22.9
11494,08/11/2018 08:46:27,23.2
11495,08/11/2018 09:01:27,23.5
11496,08/11/2018 09:16:27,23.8
11497,08/11/2018 09:31:27,24
11498,08/11/2018 09:46:27,24.3
11499,08/11/2018 10:01:27,24.4
11500,08/11/2018 10:16:27,24.7
11501,08/11/2018 10:31:27,24.9
11502,08/11/2018 10:46:27,25.2
11503,08/11/2018 11:01:27,25.5
11504,08/11/2018 11:16:27,25.9
11505,08/11/2018 11:31:27,26.1
11506,08/11/2018 11:46:27,26.2
11507,08/11/2018 12:01:27,26.3
11508,08/11/2018 12:16:27,26.4
11509,08/11/2018 12:31:27,26.6
11510,08/11/2018 12:46:27,26.6
11511,08/11/2018 13:01:27,26.7
11512,08/11/2018 13:16:27,26.7
11513,08/11/2018 13:31:27,26.7
11514,08/11/2018 13:46:27,26.7
11515,08/11/2018 14:01:27,26.6
11516,08/11/2018 14:16:27,26.6
11517,08/11/2018 14:31:27,26.8
11518,08/11/2018 14:46:27,27
11519,08/11/2018 15:01:27,27
11520,08/11/2018 15:16:27,27
11521,08/11/2018 15:31:27,27
11522,08/11/2018 15:46:27,27.1
11523,08/11/2018 16:01:27,27
11524,08/11/2018 16:16:27,27
11525,08/11/2018 16:31:27,27
11526,08/11/2018 16:46:27,27
11527,08/11/2018 17:01:27,27
11528,08/11/2018 17:16:27,27
11529,08/11/2018 17:31:27,27
11530,08/11/2018 17:46:27,27.1
11531,08/11/2018 18:01:27,27.1
11532,08/11/2018 18:16:27,27.1
11533,08/11/2018 18:31:27,27.1
11534,08/11/2018 18:46:27,27
11535,08/11/2018 19:01:27,26.7
11536,08/11/2018 19:16:27,26.5
11537,08/11/2018 19:31:27,26.1
11538,08/11/2018 19:46:27,25.4
11539,08/11/2018 20:01:27,24.9
11540,08/11/2018 20:16:27,24.4
11541,08/11/2018 20:31:27,23.9
11542,08/11/2018 20:46:27,23.6
11543,08/11/2018 21:01:27,23.3
11544,08/11/2018 21:16:27,23
11545,08/11/2018 21:31:27,22.8
11546,08/11/2018 21:46:27,22.6
11547,08/11/2018 22:01:27,22.4
11548,08/11/2018 22:16:27,22.2
11549,08/11/2018 22:31:27,22.2
11550,08/11/2018 22:46:27,22
11551,08/11/2018 23:01:27,21.9
11552,08/11/2018 23:16:27,21.8
11553,08/11/2018 23:31:27,21.7
11554,08/11/2018 23:46:27,21.6
11555,09/11/2018 00:01:27,21.5
11556,09/11/2018 00:16:27,21.5
11557,09/11/2018 00:31:27,21.4
11558,09/11/2018 00:46:27,21.3
11559,09/11/2018 01:01:27,21.3
11560,09/11/2018 01:16:27,21.2
11561,09/11/2018 01:31:27,21.1
11562,09/11/2018 01:46:27,21.1
11563,09/11/2018 02:01:27,21
11564,09/11/2018 02:16:27,21
11565,09/11/2018 02:31:27,20.9
11566,09/11/2018 02:46:27,20.9
11567,09/11/2018 03:01:27,20.9
11568,09/11/2018 03:16:27,20.9
11569,09/11/2018 03:31:27,20.8
11570,09/11/2018 03:46:27,20.8
11571,09/11/2018 04:01:27,20.8
11572,09/11/2018 04:16:27,20.8
11573,09/11/2018 04:31:27,20.7
11574,09/11/2018 04:46:27,20.7
11575,09/11/2018 05:01:27,20.7
11576,09/11/2018 05:16:27,20.7
11577,09/11/2018 05:31:27,20.6
11578,09/11/2018 05:46:27,20.6
11579,09/11/2018 06:01:27,20.6
11580,09/11/2018 06:16:27,20.6
11581,09/11/2018 06:31:27,20.5
11582,09/11/2018 06:46:27,20.5
11583,09/11/2018 07:01:27,20.5
11584,09/11/2018 07:16:27,20.9
11585,09/11/2018 07:31:27,21.5
11586,09/11/2018 07:46:27,22.1
11587,09/11/2018 08:01:27,22.4
11588,09/11/2018 08:16:27,22.8
11589,09/11/2018 08:31:27,23
11590,09/11/2018 08:46:27,23.3
11591,09/11/2018 09:01:27,23.6
11592,09/11/2018 09:16:27,24
11593,09/11/2018 09:31:27,24.2
11594,09/11/2018 09:46:27,24.5
11595,09/11/2018 10:01:27,24.7
11596,09/11/2018 10:16:27,24.7
11597,09/11/2018 10:31:27,24.9
11598,09/11/2018 10:46:27,25
11599,09/11/2018 11:01:27,25.3
11600,09/11/2018 11:16:27,25.4
11601,09/11/2018 11:31:27,25.7
11602,09/11/2018 11:46:27,26.1
11603,09/11/2018 12:01:27,26.2
11604,09/11/2018 12:16:27,26.3
11605,09/11/2018 12:31:27,26.3
11606,09/11/2018 12:46:27,26.3
11607,09/11/2018 13:01:27,26.3
11608,09/11/2018 13:16:27,26.3
11609,09/11/2018 13:31:27,26.2
11610,09/11/2018 13:46:27,26.1
11611,09/11/2018 14:01:27,26
11612,09/11/2018 14:16:27,25.9
11613,09/11/2018 14:31:27,25.8
11614,09/11/2018 14:46:27,26.2
11615,09/11/2018 15:01:27,26.3
11616,09/11/2018 15:16:27,26.6
11617,09/11/2018 15:31:27,27
11618,09/11/2018 15:46:27,27.2
11619,09/11/2018 16:01:27,27.2
11620,09/11/2018 16:16:27,27.1
11621,09/11/2018 16:31:27,27.3
11622,09/11/2018 16:46:27,27.3
11623,09/11/2018 17:01:27,27.2
11624,09/11/2018 17:16:27,27.2
11625,09/11/2018 17:31:27,26.9
11626,09/11/2018 17:46:27,26.5
11627,09/11/2018 18:01:27,26.1
11628,09/11/2018 18:16:27,25.9
11629,09/11/2018 18:31:27,25.8
11630,09/11/2018 18:46:27,25.7
11631,09/11/2018 19:01:27,25.6
11632,09/11/2018 19:16:27,25.5
11633,09/11/2018 19:31:27,25.1
11634,09/11/2018 19:46:27,24.6
11635,09/11/2018 20:01:27,24.1
11636,09/11/2018 20:16:27,23.8
11637,09/11/2018 20:31:27,23.5
11638,09/11/2018 20:46:27,23.2
11639,09/11/2018 21:01:27,22.9
11640,09/11/2018 21:16:27,22.7
11641,09/11/2018 21:31:27,22.5
11642,09/11/2018 21:46:27,22.3
11643,09/11/2018 22:01:27,22.2
11644,09/11/2018 22:16:27,22
11645,09/11/2018 22:31:27,21.9
11646,09/11/2018 22:46:27,21.7
11647,09/11/2018 23:01:27,21.6
11648,09/11/2018 23:16:27,21.5
11649,09/11/2018 23:31:27,21.5
11650,09/11/2018 23:46:27,21.4
11651,10/11/2018 00:01:27,21.3
11652,10/11/2018 00:16:27,21.3
11653,10/11/2018 00:31:27,21.2
11654,10/11/2018 00:46:27,21.2
11655,10/11/2018 01:01:27,21.2
11656,10/11/2018 01:16:27,21.1
11657,10/11/2018 01:31:27,21.1
11658,10/11/2018 01:46:27,21.1
11659,10/11/2018 02:01:27,21
11660,10/11/2018 02:16:27,21
11661,10/11/2018 02:31:27,21
11662,10/11/2018 02:46:27,21
11663,10/11/2018 03:01:27,20.9
11664,10/11/2018 03:16:27,20.9
11665,10/11/2018 03:31:27,20.9
11666,10/11/2018 03:46:27,20.9
11667,10/11/2018 04:01:27,20.9
11668,10/11/2018 04:16:27,20.9
11669,10/11/2018 04:31:27,20.8
11670,10/11/2018 04:46:27,20.8
11671,10/11/2018 05:01:27,20.8
11672,10/11/2018 05:16:27,20.7
11673,10/11/2018 05:31:27,20.6
11674,10/11/2018 05:46:27,20.6
11675,10/11/2018 06:01:27,20.5
11676,10/11/2018 06:16:27,20.5
11677,10/11/2018 06:31:27,20.5
11678,10/11/2018 06:46:27,20.4
11679,10/11/2018 07:01:27,20.3
11680,10/11/2018 07:16:27,20.4
11681,10/11/2018 07:31:27,20.7
11682,10/11/2018 07:46:27,20.9
11683,10/11/2018 08:01:27,21.1
11684,10/11/2018 08:16:27,21.3
11685,10/11/2018 08:31:27,21.5
11686,10/11/2018 08:46:27,21.5
11687,10/11/2018 09:01:27,21.7
11688,10/11/2018 09:16:27,21.8
11689,10/11/2018 09:31:27,22
11690,10/11/2018 09:46:27,22
11691,10/11/2018 10:01:27,22.1
11692,10/11/2018 10:16:27,22.2
11693,10/11/2018 10:31:27,22.2
11694,10/11/2018 10:46:27,22.2
11695,10/11/2018 11:01:27,22.3
11696,10/11/2018 11:16:27,22.4
11697,10/11/2018 11:31:27,22.5
11698,10/11/2018 11:46:27,22.5
11699,10/11/2018 12:01:27,22.6
11700,10/11/2018 12:16:27,22.7
11701,10/11/2018 12:31:27,22.8
11702,10/11/2018 12:46:27,22.9
11703,10/11/2018 13:01:27,22.9
11704,10/11/2018 13:16:27,22.9
11705,10/11/2018 13:31:27,23
11706,10/11/2018 13:46:27,23
11707,10/11/2018 14:01:27,23
11708,10/11/2018 14:16:27,23.1
11709,10/11/2018 14:31:27,23.1
11710,10/11/2018 14:46:27,23.1
11711,10/11/2018 15:01:27,23.1
11712,10/11/2018 15:16:27,23.1
11713,10/11/2018 15:31:27,23
11714,10/11/2018 15:46:27,23
11715,10/11/2018 16:01:27,23.1
11716,10/11/2018 16:16:27,23.1
11717,10/11/2018 16:31:27,23.1
11718,10/11/2018 16:46:27,23.2
11719,10/11/2018 17:01:27,23.2
11720,10/11/2018 17:16:27,23.2
11721,10/11/2018 17:31:27,23.2
11722,10/11/2018 17:46:27,23.2
11723,10/11/2018 18:01:27,23.2
11724,10/11/2018 18:16:27,23.2
11725,10/11/2018 18:31:27,23.2
11726,10/11/2018 18:46:27,23.2
11727,10/11/2018 19:01:27,23.3
11728,10/11/2018 19:16:27,23.2
11729,10/11/2018 19:31:27,22.9
11730,10/11/2018 19:46:27,22.6
11731,10/11/2018 20:01:27,22.4
11732,10/11/2018 20:16:27,22.2
11733,10/11/2018 20:31:27,22
11734,10/11/2018 20:46:27,21.8
11735,10/11/2018 21:01:27,21.7
11736,10/11/2018 21:16:27,21.5
11737,10/11/2018 21:31:27,21.5
11738,10/11/2018 21:46:27,21.3
11739,10/11/2018 22:01:27,21.2
11740,10/11/2018 22:16:27,21.1
11741,10/11/2018 22:31:27,21
11742,10/11/2018 22:46:27,21
11743,10/11/2018 23:01:27,20.9
11744,10/11/2018 23:16:27,20.9
11745,10/11/2018 23:31:27,20.8
11746,10/11/2018 23:46:27,20.8
11747,11/11/2018 00:01:27,20.7
11748,11/11/2018 00:16:27,20.7
11749,11/11/2018 00:31:27,20.6
11750,11/11/2018 00:46:27,20.6
11751,11/11/2018 01:01:27,20.5
11752,11/11/2018 01:16:27,20.5
11753,11/11/2018 01:31:27,20.4
11754,11/11/2018 01:46:27,20.4
11755,11/11/2018 02:01:27,20.4
11756,11/11/2018 02:16:27,20.3
11757,11/11/2018 02:31:27,20.3
11758,11/11/2018 02:46:27,20.3
11759,11/11/2018 03:01:27,20.3
11760,11/11/2018 03:16:27,20.3
11761,11/11/2018 03:31:27,20.3
11762,11/11/2018 03:46:27,20.2
11763,11/11/2018 04:01:27,20.2
11764,11/11/2018 04:16:27,20.2
11765,11/11/2018 04:31:27,20.1
11766,11/11/2018 04:46:27,20.1
11767,11/11/2018 05:01:27,20.1
11768,11/11/2018 05:16:27,20
11769,11/11/2018 05:31:27,20
11770,11/11/2018 05:46:27,20
11771,11/11/2018 06:01:27,20
11772,11/11/2018 06:16:27,19.9
11773,11/11/2018 06:31:27,19.9
11774,11/11/2018 06:46:27,19.9
11775,11/11/2018 07:01:27,20.3
11776,11/11/2018 07:16:27,20.6
11777,11/11/2018 07:31:27,20.9
11778,11/11/2018 07:46:27,21
11779,11/11/2018 08:01:27,21.2
11780,11/11/2018 08:16:27,21.4
11781,11/11/2018 08:31:27,21.5
11782,11/11/2018 08:46:27,21.6
11783,11/11/2018 09:01:27,21.6
11784,11/11/2018 09:16:27,21.7
11785,11/11/2018 09:31:27,21.8
11786,11/11/2018 09:46:27,21.8
11787,11/11/2018 10:01:27,21.9
11788,11/11/2018 10:16:27,22
11789,11/11/2018 10:31:27,22
11790,11/11/2018 10:46:27,22.1
11791,11/11/2018 11:01:27,22.2
11792,11/11/2018 11:16:27,22.2
11793,11/11/2018 11:31:27,22.3
11794,11/11/2018 11:46:27,22.4
11795,11/11/2018 12:01:27,22.5
11796,11/11/2018 12:16:27,22.6
11797,11/11/2018 12:31:27,22.6
11798,11/11/2018 12:46:27,22.6
11799,11/11/2018 13:01:27,22.7
11800,11/11/2018 13:16:27,22.8
11801,11/11/2018 13:31:27,22.9
11802,11/11/2018 13:46:27,22.9
11803,11/11/2018 14:01:27,22.9
11804,11/11/2018 14:16:27,22.9
11805,11/11/2018 14:31:27,22.9
11806,11/11/2018 14:46:27,22.9
11807,11/11/2018 15:01:27,23
11808,11/11/2018 15:16:27,23
11809,11/11/2018 15:31:27,23.1
11810,11/11/2018 15:46:27,23.1
11811,11/11/2018 16:01:27,23.1
11812,11/11/2018 16:16:27,23.1
11813,11/11/2018 16:31:27,23.1
11814,11/11/2018 16:46:27,23.1
11815,11/11/2018 17:01:27,23.1
11816,11/11/2018 17:16:27,23.1
11817,11/11/2018 17:31:27,23.1
11818,11/11/2018 17:46:27,23.2
11819,11/11/2018 18:01:27,23.2
11820,11/11/2018 18:16:27,23.2
11821,11/11/2018 18:31:27,23.2
11822,11/11/2018 18:46:27,23.2
11823,11/11/2018 19:01:27,23.2
11824,11/11/2018 19:16:27,23.1
11825,11/11/2018 19:31:27,22.9
11826,11/11/2018 19:46:27,22.6
11827,11/11/2018 20:01:27,22.2
11828,11/11/2018 20:16:27,22
11829,11/11/2018 20:31:27,21.7
11830,11/11/2018 20:46:27,21.5
11831,11/11/2018 21:01:27,21.3
11832,11/11/2018 21:16:27,21.1
11833,11/11/2018 21:31:27,20.9
11834,11/11/2018 21:46:27,20.8
11835,11/11/2018 22:01:27,20.7
11836,11/11/2018 22:16:27,20.5
11837,11/11/2018 22:31:27,20.4
11838,11/11/2018 22:46:27,20.3
11839,11/11/2018 23:01:27,20.3
11840,11/11/2018 23:16:27,20.2
11841,11/11/2018 23:31:27,20.1
11842,11/11/2018 23:46:27,20.1
11843,12/11/2018 00:01:27,20
11844,12/11/2018 00:16:27,19.9
11845,12/11/2018 00:31:27,19.9
11846,12/11/2018 00:46:27,20.1
11847,12/11/2018 01:01:27,20.4
11848,12/11/2018 01:16:27,20.6
11849,12/11/2018 01:31:27,20.9
11850,12/11/2018 01:46:27,21
11851,12/11/2018 02:01:27,21.2
11852,12/11/2018 02:16:27,21.3
11853,12/11/2018 02:31:27,21.4
11854,12/11/2018 02:46:27,21.5
11855,12/11/2018 03:01:27,21.5
11856,12/11/2018 03:16:27,21.5
11857,12/11/2018 03:31:27,21.6
11858,12/11/2018 03:46:27,21.6
11859,12/11/2018 04:01:27,21.7
11860,12/11/2018 04:16:27,21.7
11861,12/11/2018 04:31:27,21.7
11862,12/11/2018 04:46:27,21.8
11863,12/11/2018 05:01:27,21.8
11864,12/11/2018 05:16:27,21.8
11865,12/11/2018 05:31:27,21.8
11866,12/11/2018 05:46:27,21.8
11867,12/11/2018 06:01:27,21.8
11868,12/11/2018 06:16:27,21.9
11869,12/11/2018 06:31:27,22.2
11870,12/11/2018 06:46:27,22.5
11871,12/11/2018 07:01:27,22.8
11872,12/11/2018 07:16:27,22.9
11873,12/11/2018 07:31:27,23.2
11874,12/11/2018 07:46:27,23.3
11875,12/11/2018 08:01:27,23.5
11876,12/11/2018 08:16:27,23.5
11877,12/11/2018 08:31:27,23.6
11878,12/11/2018 08:46:27,23.6
11879,12/11/2018 09:01:27,23.8
11880,12/11/2018 09:16:27,23.9
11881,12/11/2018 09:31:27,24
11882,12/11/2018 09:46:27,24.2
11883,12/11/2018 10:01:27,24.4
11884,12/11/2018 10:16:27,24.6
11885,12/11/2018 10:31:27,24.8
11886,12/11/2018 10:46:27,25.1
11887,12/11/2018 11:01:27,25.5
11888,12/11/2018 11:16:27,25.8
11889,12/11/2018 11:31:27,25.9
11890,12/11/2018 11:46:27,25.9
11891,12/11/2018 12:01:27,25.9
11892,12/11/2018 12:16:27,25.9
11893,12/11/2018 12:31:27,26.1
11894,12/11/2018 12:46:27,26.2
11895,12/11/2018 13:01:27,26.4
11896,12/11/2018 13:16:27,26.5
11897,12/11/2018 13:31:27,26.4
11898,12/11/2018 13:46:27,26.2
11899,12/11/2018 14:01:27,26.2
11900,12/11/2018 14:16:27,26.2
11901,12/11/2018 14:31:27,26.2
11902,12/11/2018 14:46:27,26.3
11903,12/11/2018 15:01:27,26.3
11904,12/11/2018 15:16:27,26.5
11905,12/11/2018 15:31:27,26.5
11906,12/11/2018 15:46:27,26.5
11907,12/11/2018 16:01:27,26.5
11908,12/11/2018 16:16:27,26.6
11909,12/11/2018 16:31:27,26.7
11910,12/11/2018 16:46:27,26.7
11911,12/11/2018 17:01:27,27
11912,12/11/2018 17:16:27,27
11913,12/11/2018 17:31:27,26.9
11914,12/11/2018 17:46:27,26.8
11915,12/11/2018 18:01:27,26.8
11916,12/11/2018 18:16:27,26.6
11917,12/11/2018 18:31:27,26.4
11918,12/11/2018 18:46:27,26.2
11919,12/11/2018 19:01:27,26.1
11920,12/11/2018 19:16:27,25.9
11921,12/11/2018 19:31:27,25.5
11922,12/11/2018 19:46:27,25
11923,12/11/2018 20:01:27,24.5
11924,12/11/2018 20:16:27,24
11925,12/11/2018 20:31:27,23.5
11926,12/11/2018 20:46:27,23.1
11927,12/11/2018 21:01:27,22.8
11928,12/11/2018 21:16:27,22.5
11929,12/11/2018 21:31:27,22.2
11930,12/11/2018 21:46:27,22.1
11931,12/11/2018 22:01:27,21.9
11932,12/11/2018 22:16:27,21.7
11933,12/11/2018 22:31:27,21.6
11934,12/11/2018 22:46:27,21.5
11935,12/11/2018 23:01:27,21.4
11936,12/11/2018 23:16:27,21.3
11937,12/11/2018 23:31:27,21.2
11938,12/11/2018 23:46:27,21.1
11939,13/11/2018 00:01:27,21
11940,13/11/2018 00:16:27,20.9
11941,13/11/2018 00:31:27,20.9
11942,13/11/2018 00:46:27,20.8
11943,13/11/2018 01:01:27,20.7
11944,13/11/2018 01:16:27,20.6
11945,13/11/2018 01:31:27,20.6
11946,13/11/2018 01:46:27,20.5
11947,13/11/2018 02:01:27,20.4
11948,13/11/2018 02:16:27,20.3
11949,13/11/2018 02:31:27,20.3
11950,13/11/2018 02:46:27,20.3
11951,13/11/2018 03:01:27,20.2
11952,13/11/2018 03:16:27,20.2
11953,13/11/2018 03:31:27,20.2
11954,13/11/2018 03:46:27,20.1
11955,13/11/2018 04:01:27,20.1
11956,13/11/2018 04:16:27,20.1
11957,13/11/2018 04:31:27,20.1
11958,13/11/2018 04:46:27,20.1
11959,13/11/2018 05:01:27,20.1
11960,13/11/2018 05:16:27,20.1
11961,13/11/2018 05:31:27,20.1
11962,13/11/2018 05:46:27,20
11963,13/11/2018 06:01:27,20
11964,13/11/2018 06:16:27,20
11965,13/11/2018 06:31:27,20
11966,13/11/2018 06:46:27,20.4
11967,13/11/2018 07:01:27,21.1
11968,13/11/2018 07:16:27,21.6
11969,13/11/2018 07:31:27,22.1
11970,13/11/2018 07:46:27,22.4
11971,13/11/2018 08:01:27,22.7
11972,13/11/2018 08:16:27,22.9
11973,13/11/2018 08:31:27,23.1
11974,13/11/2018 08:46:27,23.4
11975,13/11/2018 09:01:27,23.5
11976,13/11/2018 09:16:27,23.7
11977,13/11/2018 09:31:27,23.9
11978,13/11/2018 09:46:27,24
11979,13/11/2018 10:01:27,24.3
11980,13/11/2018 10:16:27,24.6
11981,13/11/2018 10:31:27,24.8
11982,13/11/2018 10:46:27,25.2
11983,13/11/2018 11:01:27,25.5
11984,13/11/2018 11:16:27,25.8
11985,13/11/2018 11:31:27,26
11986,13/11/2018 11:46:27,26.2
11987,13/11/2018 12:01:27,26.6
11988,13/11/2018 12:16:27,26.8
11989,13/11/2018 12:31:27,27
11990,13/11/2018 12:46:27,27
11991,13/11/2018 13:01:27,27.1
11992,13/11/2018 13:16:27,27.2
11993,13/11/2018 13:31:27,27.3
11994,13/11/2018 13:46:27,27.2
11995,13/11/2018 14:01:27,27.2
11996,13/11/2018 14:16:27,27.2
11997,13/11/2018 14:31:27,27.2
11998,13/11/2018 14:46:27,27.1
11999,13/11/2018 15:01:27,27.2
12000,13/11/2018 15:16:27,27.2
12001,13/11/2018 15:31:27,27.3
12002,13/11/2018 15:46:27,27.3
12003,13/11/2018 16:01:27,27.3
12004,13/11/2018 16:16:27,27.1
12005,13/11/2018 16:31:27,27
12006,13/11/2018 16:46:27,27
12007,13/11/2018 17:01:27,27
12008,13/11/2018 17:16:27,27
12009,13/11/2018 17:31:27,27
12010,13/11/2018 17:46:27,27
12011,13/11/2018 18:01:27,27
12012,13/11/2018 18:16:27,26.9
12013,13/11/2018 18:31:27,26.8
12014,13/11/2018 18:46:27,26.6
12015,13/11/2018 19:01:27,26.3
12016,13/11/2018 19:16:27,26.1
12017,13/11/2018 19:31:27,25.7
12018,13/11/2018 19:46:27,25.2
12019,13/11/2018 20:01:27,24.7
12020,13/11/2018 20:16:27,24.3
12021,13/11/2018 20:31:27,24
12022,13/11/2018 20:46:27,23.7
12023,13/11/2018 21:01:27,23.3
12024,13/11/2018 21:16:27,22.9
12025,13/11/2018 21:31:27,22.7
12026,13/11/2018 21:46:27,22.5
12027,13/11/2018 22:01:27,22.2
12028,13/11/2018 22:16:27,22.2
12029,13/11/2018 22:31:27,22
12030,13/11/2018 22:46:27,21.8
12031,13/11/2018 23:01:27,21.7
12032,13/11/2018 23:16:27,21.6
12033,13/11/2018 23:31:27,21.5
12034,13/11/2018 23:46:27,21.4
12035,14/11/2018 00:01:27,21.3
12036,14/11/2018 00:16:27,21.3
12037,14/11/2018 00:31:27,21.2
12038,14/11/2018 00:46:27,21.1
12039,14/11/2018 01:01:27,21.1
12040,14/11/2018 01:16:27,21
12041,14/11/2018 01:31:27,21
12042,14/11/2018 01:46:27,20.9
12043,14/11/2018 02:01:27,20.9
12044,14/11/2018 02:16:27,20.9
12045,14/11/2018 02:31:27,20.9
12046,14/11/2018 02:46:27,20.9
12047,14/11/2018 03:01:27,20.9
12048,14/11/2018 03:16:27,20.8
12049,14/11/2018 03:31:27,20.8
12050,14/11/2018 03:46:27,20.8
12051,14/11/2018 04:01:27,20.8
12052,14/11/2018 04:16:27,20.8
12053,14/11/2018 04:31:27,20.7
12054,14/11/2018 04:46:27,20.7
12055,14/11/2018 05:01:27,20.7
12056,14/11/2018 05:16:27,20.6
12057,14/11/2018 05:31:27,20.6
12058,14/11/2018 05:46:27,20.6
12059,14/11/2018 06:01:27,20.6
12060,14/11/2018 06:16:27,20.5
12061,14/11/2018 06:31:27,20.5
12062,14/11/2018 06:46:27,20.5
12063,14/11/2018 07:01:27,21
12064,14/11/2018 07:16:27,21.6
12065,14/11/2018 07:31:27,22.2
12066,14/11/2018 07:46:27,22.5
12067,14/11/2018 08:01:27,22.8
12068,14/11/2018 08:16:27,23
12069,14/11/2018 08:31:27,23.2
12070,14/11/2018 08:46:27,23.3
12071,14/11/2018 09:01:27,23.5
12072,14/11/2018 09:16:27,23.7
12073,14/11/2018 09:31:27,23.7
12074,14/11/2018 09:46:27,23.8
12075,14/11/2018 10:01:27,23.9
12076,14/11/2018 10:16:27,24.1
12077,14/11/2018 10:31:27,24.4
12078,14/11/2018 10:46:27,24.7
12079,14/11/2018 11:01:27,25.1
12080,14/11/2018 11:16:27,25.2
12081,14/11/2018 11:31:27,25.4
12082,14/11/2018 11:46:27,25.7
12083,14/11/2018 12:01:27,25.8
12084,14/11/2018 12:16:27,25.9
12085,14/11/2018 12:31:27,26.1
12086,14/11/2018 12:46:27,26.2
12087,14/11/2018 13:01:27,26.3
12088,14/11/2018 13:16:27,26.4
12089,14/11/2018 13:31:27,26.5
12090,14/11/2018 13:46:27,26.3
12091,14/11/2018 14:01:27,26.2
12092,14/11/2018 14:16:27,26
12093,14/11/2018 14:31:27,26
12094,14/11/2018 14:46:27,26.2
12095,14/11/2018 15:01:27,26.4
12096,14/11/2018 15:16:27,26.5
12097,14/11/2018 15:31:27,26.5
12098,14/11/2018 15:46:27,26.4
12099,14/11/2018 16:01:27,26.4
12100,14/11/2018 16:16:27,26.4
12101,14/11/2018 16:31:27,26.3
12102,14/11/2018 16:46:27,26.3
12103,14/11/2018 17:01:27,26.3
12104,14/11/2018 17:16:27,26.3
12105,14/11/2018 17:31:27,26.2
12106,14/11/2018 17:46:27,26.4
12107,14/11/2018 18:01:27,26.6
12108,14/11/2018 18:16:27,26.7
12109,14/11/2018 18:31:27,26.6
12110,14/11/2018 18:46:27,26.6
12111,14/11/2018 19:01:27,26.6
12112,14/11/2018 19:16:27,26.6
12113,14/11/2018 19:31:27,26.3
12114,14/11/2018 19:46:27,25.9
12115,14/11/2018 20:01:27,25.5
12116,14/11/2018 20:16:27,25.1
12117,14/11/2018 20:31:27,24.6
12118,14/11/2018 20:46:27,24
12119,14/11/2018 21:01:27,23.5
12120,14/11/2018 21:16:27,23.1
12121,14/11/2018 21:31:27,22.9
12122,14/11/2018 21:46:27,22.6
12123,14/11/2018 22:01:27,22.4
12124,14/11/2018 22:16:27,22.2
12125,14/11/2018 22:31:27,22
12126,14/11/2018 22:46:27,21.9
12127,14/11/2018 23:01:27,21.8
12128,14/11/2018 23:16:27,21.6
12129,14/11/2018 23:31:27,21.5
12130,14/11/2018 23:46:27,21.5
12131,15/11/2018 00:01:27,21.5
12132,15/11/2018 00:16:27,21.4
12133,15/11/2018 00:31:27,21.3
12134,15/11/2018 00:46:27,21.2
12135,15/11/2018 01:01:27,21.1
12136,15/11/2018 01:16:27,21.1
12137,15/11/2018 01:31:27,21
12138,15/11/2018 01:46:27,21
12139,15/11/2018 02:01:27,20.9
12140,15/11/2018 02:16:27,20.9
12141,15/11/2018 02:31:27,20.9
12142,15/11/2018 02:46:27,20.8
12143,15/11/2018 03:01:27,20.8
12144,15/11/2018 03:16:27,20.7
12145,15/11/2018 03:31:27,20.7
12146,15/11/2018 03:46:27,20.6
12147,15/11/2018 04:01:27,20.6
12148,15/11/2018 04:16:27,20.6
12149,15/11/2018 04:31:27,20.5
12150,15/11/2018 04:46:27,20.5
12151,15/11/2018 05:01:27,20.4
12152,15/11/2018 05:16:27,20.4
12153,15/11/2018 05:31:27,20.4
12154,15/11/2018 05:46:27,20.3
12155,15/11/2018 06:01:27,20.3
12156,15/11/2018 06:16:27,20.3
12157,15/11/2018 06:31:27,20.2
12158,15/11/2018 06:46:27,20.4
12159,15/11/2018 07:01:27,21.1
12160,15/11/2018 07:16:27,21.7
12161,15/11/2018 07:31:27,22.2
12162,15/11/2018 07:46:27,22.5
12163,15/11/2018 08:01:27,22.9
12164,15/11/2018 08:16:27,23.2
12165,15/11/2018 08:31:27,23.4
12166,15/11/2018 08:46:27,23.6
12167,15/11/2018 09:01:27,23.9
12168,15/11/2018 09:16:27,24.2
12169,15/11/2018 09:31:27,24.5
12170,15/11/2018 09:46:27,24.7
12171,15/11/2018 10:01:27,24.8
12172,15/11/2018 10:16:27,25
12173,15/11/2018 10:31:27,25.2
12174,15/11/2018 10:46:27,25.4
12175,15/11/2018 11:01:27,25.7
12176,15/11/2018 11:16:27,26.1
12177,15/11/2018 11:31:27,26.4
12178,15/11/2018 11:46:27,26.7
12179,15/11/2018 12:01:27,27
12180,15/11/2018 12:16:27,27
12181,15/11/2018 12:31:27,26.8
12182,15/11/2018 12:46:27,26.8
12183,15/11/2018 13:01:27,26.9
12184,15/11/2018 13:16:27,26.8
12185,15/11/2018 13:31:27,26.7
12186,15/11/2018 13:46:27,26.5
12187,15/11/2018 14:01:27,26.3
12188,15/11/2018 14:16:27,26.3
12189,15/11/2018 14:31:27,26.3
12190,15/11/2018 14:46:27,26.4
12191,15/11/2018 15:01:27,26.5
12192,15/11/2018 15:16:27,26.6
12193,15/11/2018 15:31:27,26.7
12194,15/11/2018 15:46:27,26.9
12195,15/11/2018 16:01:27,27
12196,15/11/2018 16:16:27,27.1
12197,15/11/2018 16:31:27,27.2
12198,15/11/2018 16:46:27,27.3
12199,15/11/2018 17:01:27,27.3
12200,15/11/2018 17:16:27,27.4
12201,15/11/2018 17:31:27,27.4
12202,15/11/2018 17:46:27,27.4
12203,15/11/2018 18:01:27,27.3
12204,15/11/2018 18:16:27,27.2
12205,15/11/2018 18:31:27,27
12206,15/11/2018 18:46:27,27
12207,15/11/2018 19:01:27,26.8
12208,15/11/2018 19:16:27,26.7
12209,15/11/2018 19:31:27,26.3
12210,15/11/2018 19:46:27,25.7
12211,15/11/2018 20:01:27,25.1
12212,15/11/2018 20:16:27,24.6
12213,15/11/2018 20:31:27,24.1
12214,15/11/2018 20:46:27,23.7
12215,15/11/2018 21:01:27,23.4
12216,15/11/2018 21:16:27,23.1
12217,15/11/2018 21:31:27,22.9
12218,15/11/2018 21:46:27,22.7
12219,15/11/2018 22:01:27,22.6
12220,15/11/2018 22:16:27,22.4
12221,15/11/2018 22:31:27,22.3
12222,15/11/2018 22:46:27,22.2
12223,15/11/2018 23:01:27,22.1
12224,15/11/2018 23:16:27,22.1
12225,15/11/2018 23:31:27,22
12226,15/11/2018 23:46:27,21.9
12227,16/11/2018 00:01:27,21.8
12228,16/11/2018 00:16:27,21.8
12229,16/11/2018 00:31:27,21.8
12230,16/11/2018 00:46:27,21.7
12231,16/11/2018 01:01:27,21.7
12232,16/11/2018 01:16:27,21.6
12233,16/11/2018 01:31:27,21.5
12234,16/11/2018 01:46:27,21.5
12235,16/11/2018 02:01:27,21.5
12236,16/11/2018 02:16:27,21.5
12237,16/11/2018 02:31:27,21.5
12238,16/11/2018 02:46:27,21.4
12239,16/11/2018 03:01:27,21.4
12240,16/11/2018 03:16:27,21.4
12241,16/11/2018 03:31:27,21.3
12242,16/11/2018 03:46:27,21.3
12243,16/11/2018 04:01:27,21.3
12244,16/11/2018 04:16:27,21.2
12245,16/11/2018 04:31:27,21.2
12246,16/11/2018 04:46:27,21.2
12247,16/11/2018 05:01:27,21.1
12248,16/11/2018 05:16:27,21.1
12249,16/11/2018 05:31:27,21.1
12250,16/11/2018 05:46:27,21.1
12251,16/11/2018 06:01:27,21.1
12252,16/11/2018 06:16:27,21
12253,16/11/2018 06:31:27,21
12254,16/11/2018 06:46:27,21
12255,16/11/2018 07:01:27,21
12256,16/11/2018 07:16:27,21.2
12257,16/11/2018 07:31:27,21.7
12258,16/11/2018 07:46:27,22.2
12259,16/11/2018 08:01:27,22.7
12260,16/11/2018 08:16:27,22.9
12261,16/11/2018 08:31:27,23.1
12262,16/11/2018 08:46:27,23.3
12263,16/11/2018 09:01:27,23.5
12264,16/11/2018 09:16:27,23.8
12265,16/11/2018 09:31:27,24
12266,16/11/2018 09:46:27,24.1
12267,16/11/2018 10:01:27,24.4
12268,16/11/2018 10:16:27,24.6
12269,16/11/2018 10:31:27,24.8
12270,16/11/2018 10:46:27,25.1
12271,16/11/2018 11:01:27,25.3
12272,16/11/2018 11:16:27,25.5
12273,16/11/2018 11:31:27,25.7
12274,16/11/2018 11:46:27,25.8
12275,16/11/2018 12:01:27,25.9
12276,16/11/2018 12:16:27,26
12277,16/11/2018 12:31:27,26
12278,16/11/2018 12:46:27,26
12279,16/11/2018 13:01:27,26
12280,16/11/2018 13:16:27,26
12281,16/11/2018 13:31:27,25.9
12282,16/11/2018 13:46:27,25.8
12283,16/11/2018 14:01:27,25.8
12284,16/11/2018 14:16:27,25.8
12285,16/11/2018 14:31:27,25.9
12286,16/11/2018 14:46:27,26
12287,16/11/2018 15:01:27,26.2
12288,16/11/2018 15:16:27,26.2
12289,16/11/2018 15:31:27,26.3
12290,16/11/2018 15:46:27,26.4
12291,16/11/2018 16:01:27,26.4
12292,16/11/2018 16:16:27,26.4
12293,16/11/2018 16:31:27,26.4
12294,16/11/2018 16:46:27,26.2
12295,16/11/2018 17:01:27,26
12296,16/11/2018 17:16:27,25.8
12297,16/11/2018 17:31:27,25.9
12298,16/11/2018 17:46:27,26
12299,16/11/2018 18:01:27,26
12300,16/11/2018 18:16:27,25.9
12301,16/11/2018 18:31:27,25.7
12302,16/11/2018 18:46:27,25.6
12303,16/11/2018 19:01:27,25.5
12304,16/11/2018 19:16:27,25.4
12305,16/11/2018 19:31:27,25
12306,16/11/2018 19:46:27,24.6
12307,16/11/2018 20:01:27,24
12308,16/11/2018 20:16:27,23.7
12309,16/11/2018 20:31:27,23.4
12310,16/11/2018 20:46:27,23
12311,16/11/2018 21:01:27,22.9
12312,16/11/2018 21:16:27,22.6
12313,16/11/2018 21:31:27,22.4
12314,16/11/2018 21:46:27,22.2
12315,16/11/2018 22:01:27,22.1
12316,16/11/2018 22:16:27,21.9
12317,16/11/2018 22:31:27,21.8
12318,16/11/2018 22:46:27,21.7
12319,16/11/2018 23:01:27,21.6
12320,16/11/2018 23:16:27,21.5
12321,16/11/2018 23:31:27,21.4
12322,16/11/2018 23:46:27,21.3
12323,17/11/2018 00:01:27,21.2
12324,17/11/2018 00:16:27,21.1
12325,17/11/2018 00:31:27,21
12326,17/11/2018 00:46:27,20.9
12327,17/11/2018 01:01:27,20.9
12328,17/11/2018 01:16:27,20.8
12329,17/11/2018 01:31:27,20.8
12330,17/11/2018 01:46:27,20.7
12331,17/11/2018 02:01:27,20.6
12332,17/11/2018 02:16:27,20.5
12333,17/11/2018 02:31:27,20.4
12334,17/11/2018 02:46:27,20.4
12335,17/11/2018 03:01:27,20.3
12336,17/11/2018 03:16:27,20.3
12337,17/11/2018 03:31:27,20.2
12338,17/11/2018 03:46:27,20.2
12339,17/11/2018 04:01:27,20.1
12340,17/11/2018 04:16:27,20.1
12341,17/11/2018 04:31:27,20.1
12342,17/11/2018 04:46:27,20
12343,17/11/2018 05:01:27,20
12344,17/11/2018 05:16:27,20
12345,17/11/2018 05:31:27,20
12346,17/11/2018 05:46:27,19.9
12347,17/11/2018 06:01:27,19.9
12348,17/11/2018 06:16:27,19.9
12349,17/11/2018 06:31:27,19.8
12350,17/11/2018 06:46:27,19.8
12351,17/11/2018 07:01:27,19.8
12352,17/11/2018 07:16:27,20
12353,17/11/2018 07:31:27,20.3
12354,17/11/2018 07:46:27,20.7
12355,17/11/2018 08:01:27,20.9
12356,17/11/2018 08:16:27,21.2
12357,17/11/2018 08:31:27,21.4
12358,17/11/2018 08:46:27,21.5
12359,17/11/2018 09:01:27,21.6
12360,17/11/2018 09:16:27,21.7
12361,17/11/2018 09:31:27,21.8
12362,17/11/2018 09:46:27,21.9
12363,17/11/2018 10:01:27,22
12364,17/11/2018 10:16:27,22.1
12365,17/11/2018 10:31:27,22.2
12366,17/11/2018 10:46:27,22.2
12367,17/11/2018 11:01:27,22.3
12368,17/11/2018 11:16:27,22.4
12369,17/11/2018 11:31:27,22.5
12370,17/11/2018 11:46:27,22.6
12371,17/11/2018 12:01:27,22.7
12372,17/11/2018 12:16:27,22.7
12373,17/11/2018 12:31:27,22.8
12374,17/11/2018 12:46:27,22.9
12375,17/11/2018 13:01:27,22.9
12376,17/11/2018 13:16:27,22.9
12377,17/11/2018 13:31:27,22.9
12378,17/11/2018 13:46:27,22.9
12379,17/11/2018 14:01:27,22.9
12380,17/11/2018 14:16:27,22.9
12381,17/11/2018 14:31:27,22.9
12382,17/11/2018 14:46:27,22.9
12383,17/11/2018 15:01:27,22.9
12384,17/11/2018 15:16:27,22.9
12385,17/11/2018 15:31:27,22.9
12386,17/11/2018 15:46:27,22.9
12387,17/11/2018 16:01:27,22.9
12388,17/11/2018 16:16:27,22.9
12389,17/11/2018 16:31:27,22.9
12390,17/11/2018 16:46:27,22.9
12391,17/11/2018 17:01:27,22.9
12392,17/11/2018 17:16:27,22.9
12393,17/11/2018 17:31:27,22.9
12394,17/11/2018 17:46:27,22.9
12395,17/11/2018 18:01:27,22.9
12396,17/11/2018 18:16:27,23
12397,17/11/2018 18:31:27,23.1
12398,17/11/2018 18:46:27,23.1
12399,17/11/2018 19:01:27,23.1
12400,17/11/2018 19:16:27,23
12401,17/11/2018 19:31:27,22.6
12402,17/11/2018 19:46:27,22.1
12403,17/11/2018 20:01:27,21.7
12404,17/11/2018 20:16:27,21.4
12405,17/11/2018 20:31:27,21.1
12406,17/11/2018 20:46:27,20.9
12407,17/11/2018 21:01:27,20.6
12408,17/11/2018 21:16:27,20.4
12409,17/11/2018 21:31:27,20.3
12410,17/11/2018 21:46:27,20.2
12411,17/11/2018 22:01:27,20
12412,17/11/2018 22:16:27,19.9
12413,17/11/2018 22:31:27,19.8
12414,17/11/2018 22:46:27,19.7
12415,17/11/2018 23:01:27,19.7
12416,17/11/2018 23:16:27,19.6
12417,17/11/2018 23:31:27,19.5
12418,17/11/2018 23:46:27,19.5
12419,18/11/2018 00:01:27,19.4
12420,18/11/2018 00:16:27,19.4
12421,18/11/2018 00:31:27,19.3
12422,18/11/2018 00:46:27,19.2
12423,18/11/2018 01:01:27,19.2
12424,18/11/2018 01:16:27,19.2
12425,18/11/2018 01:31:27,19.2
12426,18/11/2018 01:46:27,19.1
12427,18/11/2018 02:01:27,19.1
12428,18/11/2018 02:16:27,19.1
12429,18/11/2018 02:31:27,19
12430,18/11/2018 02:46:27,19
12431,18/11/2018 03:01:27,19
12432,18/11/2018 03:16:27,19
12433,18/11/2018 03:31:27,18.9
12434,18/11/2018 03:46:27,18.9
12435,18/11/2018 04:01:27,18.9
12436,18/11/2018 04:16:27,18.8
12437,18/11/2018 04:31:27,18.8
12438,18/11/2018 04:46:27,18.7
12439,18/11/2018 05:01:27,18.7
12440,18/11/2018 05:16:27,18.7
12441,18/11/2018 05:31:27,18.6
12442,18/11/2018 05:46:27,18.6
12443,18/11/2018 06:01:27,18.6
12444,18/11/2018 06:16:27,18.7
12445,18/11/2018 06:31:27,19.2
12446,18/11/2018 06:46:27,19.6
12447,18/11/2018 07:01:27,19.9
12448,18/11/2018 07:16:27,20.2
12449,18/11/2018 07:31:27,20.4
12450,18/11/2018 07:46:27,20.6
12451,18/11/2018 08:01:27,20.8
12452,18/11/2018 08:16:27,20.9
12453,18/11/2018 08:31:27,20.9
12454,18/11/2018 08:46:27,21
12455,18/11/2018 09:01:27,21.1
12456,18/11/2018 09:16:27,21.2
12457,18/11/2018 09:31:27,21.3
12458,18/11/2018 09:46:27,21.3
12459,18/11/2018 10:01:27,21.4
12460,18/11/2018 10:16:27,21.4
12461,18/11/2018 10:31:27,21.5
12462,18/11/2018 10:46:27,21.5
12463,18/11/2018 11:01:27,21.6
12464,18/11/2018 11:16:27,21.7
12465,18/11/2018 11:31:27,21.7
12466,18/11/2018 11:46:27,21.8
12467,18/11/2018 12:01:27,21.8
12468,18/11/2018 12:16:27,21.9
12469,18/11/2018 12:31:27,21.9
12470,18/11/2018 12:46:27,22
12471,18/11/2018 13:01:27,22.1
12472,18/11/2018 13:16:27,22.1
12473,18/11/2018 13:31:27,22.1
12474,18/11/2018 13:46:27,22.2
12475,18/11/2018 14:01:27,22.2
12476,18/11/2018 14:16:27,22.2
12477,18/11/2018 14:31:27,22.2
12478,18/11/2018 14:46:27,22.2
12479,18/11/2018 15:01:27,22.2
12480,18/11/2018 15:16:27,22.2
12481,18/11/2018 15:31:27,22.2
12482,18/11/2018 15:46:27,22.2
12483,18/11/2018 16:01:27,22.2
12484,18/11/2018 16:16:27,22.2
12485,18/11/2018 16:31:27,22.2
12486,18/11/2018 16:46:27,22.2
12487,18/11/2018 17:01:27,22.2
12488,18/11/2018 17:16:27,22.2
12489,18/11/2018 17:31:27,22.2
12490,18/11/2018 17:46:27,22.2
12491,18/11/2018 18:01:27,22.2
12492,18/11/2018 18:16:27,22.2
12493,18/11/2018 18:31:27,22.3
12494,18/11/2018 18:46:27,22.3
12495,18/11/2018 19:01:27,22.3
12496,18/11/2018 19:16:27,22.2
12497,18/11/2018 19:31:27,21.8
12498,18/11/2018 19:46:27,21.4
12499,18/11/2018 20:01:27,21
12500,18/11/2018 20:16:27,20.8
12501,18/11/2018 20:31:27,20.5
12502,18/11/2018 20:46:27,20.3
12503,18/11/2018 21:01:27,20
12504,18/11/2018 21:16:27,19.8
12505,18/11/2018 21:31:27,19.6
12506,18/11/2018 21:46:27,19.4
12507,18/11/2018 22:01:27,19.3
12508,18/11/2018 22:16:27,19.2
12509,18/11/2018 22:31:27,19.1
12510,18/11/2018 22:46:27,19
12511,18/11/2018 23:01:27,18.9
12512,18/11/2018 23:16:27,18.8
12513,18/11/2018 23:31:27,18.7
12514,18/11/2018 23:46:27,18.7
12515,19/11/2018 00:01:27,19.2
12516,19/11/2018 00:16:27,20.2
12517,19/11/2018 00:31:27,21
12518,19/11/2018 00:46:27,21.6
12519,19/11/2018 01:01:27,22.2
12520,19/11/2018 01:16:27,22.6
12521,19/11/2018 01:31:27,22.9
12522,19/11/2018 01:46:27,23.3
12523,19/11/2018 02:01:27,23.5
12524,19/11/2018 02:16:27,23.7
12525,19/11/2018 02:31:27,24
12526,19/11/2018 02:46:27,24
12527,19/11/2018 03:01:27,23.6
12528,19/11/2018 03:16:27,23.3
12529,19/11/2018 03:31:27,23
12530,19/11/2018 03:46:27,22.8
12531,19/11/2018 04:01:27,22.7
12532,19/11/2018 04:16:27,22.5
12533,19/11/2018 04:31:27,22.4
12534,19/11/2018 04:46:27,22.3
12535,19/11/2018 05:01:27,22.3
12536,19/11/2018 05:16:27,22.2
12537,19/11/2018 05:31:27,22.2
12538,19/11/2018 05:46:27,22.2
12539,19/11/2018 06:01:27,22.1
12540,19/11/2018 06:16:27,22.2
12541,19/11/2018 06:31:27,22.5
12542,19/11/2018 06:46:27,22.8
12543,19/11/2018 07:01:27,23
12544,19/11/2018 07:16:27,23.2
12545,19/11/2018 07:31:27,23.3
12546,19/11/2018 07:46:27,23.4
12547,19/11/2018 08:01:27,23.5
12548,19/11/2018 08:16:27,23.5
12549,19/11/2018 08:31:27,23.6
12550,19/11/2018 08:46:27,23.7
12551,19/11/2018 09:01:27,23.8
12552,19/11/2018 09:16:27,24
12553,19/11/2018 09:31:27,24
12554,19/11/2018 09:46:27,24.1
12555,19/11/2018 10:01:27,24.2
12556,19/11/2018 10:16:27,24.4
12557,19/11/2018 10:31:27,24.6
12558,19/11/2018 10:46:27,24.9
12559,19/11/2018 11:01:27,25.3
12560,19/11/2018 11:16:27,25.6
12561,19/11/2018 11:31:27,25.9
12562,19/11/2018 11:46:27,26.2
12563,19/11/2018 12:01:27,26.4
12564,19/11/2018 12:16:27,26.5
12565,19/11/2018 12:31:27,26.4
12566,19/11/2018 12:46:27,26.2
12567,19/11/2018 13:01:27,26.1
12568,19/11/2018 13:16:27,25.9
12569,19/11/2018 13:31:27,25.7
12570,19/11/2018 13:46:27,25.8
12571,19/11/2018 14:01:27,25.9
12572,19/11/2018 14:16:27,25.7
12573,19/11/2018 14:31:27,25.4
12574,19/11/2018 14:46:27,25.3
12575,19/11/2018 15:01:27,25.3
12576,19/11/2018 15:16:27,25.4
12577,19/11/2018 15:31:27,25.5
12578,19/11/2018 15:46:27,25.6
12579,19/11/2018 16:01:27,25.7
12580,19/11/2018 16:16:27,25.8
12581,19/11/2018 16:31:27,26
12582,19/11/2018 16:46:27,26.3
12583,19/11/2018 17:01:27,26.4
12584,19/11/2018 17:16:27,26.4
12585,19/11/2018 17:31:27,26.3
12586,19/11/2018 17:46:27,26.3
12587,19/11/2018 18:01:27,26.3
12588,19/11/2018 18:16:27,26.2
12589,19/11/2018 18:31:27,26.2
12590,19/11/2018 18:46:27,26.2
12591,19/11/2018 19:01:27,26.2
12592,19/11/2018 19:16:27,26.1
12593,19/11/2018 19:31:27,25.4
12594,19/11/2018 19:46:27,24.6
12595,19/11/2018 20:01:27,24
12596,19/11/2018 20:16:27,23.5
12597,19/11/2018 20:31:27,23.2
12598,19/11/2018 20:46:27,22.9
12599,19/11/2018 21:01:27,22.5
12600,19/11/2018 21:16:27,22.3
12601,19/11/2018 21:31:27,22.1
12602,19/11/2018 21:46:27,21.9
12603,19/11/2018 22:01:27,21.7
12604,19/11/2018 22:16:27,21.5
12605,19/11/2018 22:31:27,21.2
12606,19/11/2018 22:46:27,21
12607,19/11/2018 23:01:27,20.9
12608,19/11/2018 23:16:27,20.8
12609,19/11/2018 23:31:27,20.6
12610,19/11/2018 23:46:27,20.5
12611,20/11/2018 00:01:27,20.4
12612,20/11/2018 00:16:27,20.3
12613,20/11/2018 00:31:27,20.3
12614,20/11/2018 00:46:27,20.2
12615,20/11/2018 01:01:27,20.1
12616,20/11/2018 01:16:27,20
12617,20/11/2018 01:31:27,20
12618,20/11/2018 01:46:27,19.9
12619,20/11/2018 02:01:27,19.9
12620,20/11/2018 02:16:27,19.9
12621,20/11/2018 02:31:27,19.8
12622,20/11/2018 02:46:27,19.8
12623,20/11/2018 03:01:27,19.8
12624,20/11/2018 03:16:27,19.8
12625,20/11/2018 03:31:27,19.8
12626,20/11/2018 03:46:27,19.8
12627,20/11/2018 04:01:27,19.7
12628,20/11/2018 04:16:27,19.7
12629,20/11/2018 04:31:27,19.7
12630,20/11/2018 04:46:27,19.7
12631,20/11/2018 05:01:27,19.6
12632,20/11/2018 05:16:27,19.6
12633,20/11/2018 05:31:27,19.6
12634,20/11/2018 05:46:27,19.6
12635,20/11/2018 06:01:27,19.6
12636,20/11/2018 06:16:27,20.2
12637,20/11/2018 06:31:27,20.8
12638,20/11/2018 06:46:27,21.4
12639,20/11/2018 07:01:27,21.8
12640,20/11/2018 07:16:27,22.1
12641,20/11/2018 07:31:27,22.3
12642,20/11/2018 07:46:27,22.6
12643,20/11/2018 08:01:27,22.8
12644,20/11/2018 08:16:27,22.9
12645,20/11/2018 08:31:27,23.1
12646,20/11/2018 08:46:27,23.4
12647,20/11/2018 09:01:27,23.5
12648,20/11/2018 09:16:27,23.7
12649,20/11/2018 09:31:27,23.9
12650,20/11/2018 09:46:27,24
12651,20/11/2018 10:01:27,24.2
12652,20/11/2018 10:16:27,24.4
12653,20/11/2018 10:31:27,24.7
12654,20/11/2018 10:46:27,25
12655,20/11/2018 11:01:27,25.3
12656,20/11/2018 11:16:27,25.6
12657,20/11/2018 11:31:27,25.9
12658,20/11/2018 11:46:27,26.1
12659,20/11/2018 12:01:27,26.2
12660,20/11/2018 12:16:27,26.4
12661,20/11/2018 12:31:27,26.6
12662,20/11/2018 12:46:27,26.8
12663,20/11/2018 13:01:27,26.8
12664,20/11/2018 13:16:27,26.9
12665,20/11/2018 13:31:27,26.7
12666,20/11/2018 13:46:27,26.5
12667,20/11/2018 14:01:27,26.3
12668,20/11/2018 14:16:27,26.2
12669,20/11/2018 14:31:27,26.3
12670,20/11/2018 14:46:27,26.4
12671,20/11/2018 15:01:27,26.4
12672,20/11/2018 15:16:27,26.5
12673,20/11/2018 15:31:27,26.4
12674,20/11/2018 15:46:27,26.3
12675,20/11/2018 16:01:27,26.3
12676,20/11/2018 16:16:27,26.4
12677,20/11/2018 16:31:27,26.5
12678,20/11/2018 16:46:27,26.5
12679,20/11/2018 17:01:27,26.7
12680,20/11/2018 17:16:27,26.9
12681,20/11/2018 17:31:27,26.9
12682,20/11/2018 17:46:27,27
12683,20/11/2018 18:01:27,27
12684,20/11/2018 18:16:27,27
12685,20/11/2018 18:31:27,26.8
12686,20/11/2018 18:46:27,26.6
12687,20/11/2018 19:01:27,26.2
12688,20/11/2018 19:16:27,26.1
12689,20/11/2018 19:31:27,25.9
12690,20/11/2018 19:46:27,25.2
12691,20/11/2018 20:01:27,24.3
12692,20/11/2018 20:16:27,23.6
12693,20/11/2018 20:31:27,23.2
12694,20/11/2018 20:46:27,22.9
12695,20/11/2018 21:01:27,22.5
12696,20/11/2018 21:16:27,22.2
12697,20/11/2018 21:31:27,21.9
12698,20/11/2018 21:46:27,21.7
12699,20/11/2018 22:01:27,21.5
12700,20/11/2018 22:16:27,21.4
12701,20/11/2018 22:31:27,21.3
12702,20/11/2018 22:46:27,21.1
12703,20/11/2018 23:01:27,21
12704,20/11/2018 23:16:27,20.9
12705,20/11/2018 23:31:27,20.9
12706,20/11/2018 23:46:27,20.7
12707,21/11/2018 00:01:27,20.6
12708,21/11/2018 00:16:27,20.5
12709,21/11/2018 00:31:27,20.4
12710,21/11/2018 00:46:27,20.3
12711,21/11/2018 01:01:27,20.3
12712,21/11/2018 01:16:27,20.2
12713,21/11/2018 01:31:27,20.2
12714,21/11/2018 01:46:27,20.1
12715,21/11/2018 02:01:27,20
12716,21/11/2018 02:16:27,20
12717,21/11/2018 02:31:27,20
12718,21/11/2018 02:46:27,19.9
12719,21/11/2018 03:01:27,19.9
12720,21/11/2018 03:16:27,19.8
12721,21/11/2018 03:31:27,19.8
12722,21/11/2018 03:46:27,19.8
12723,21/11/2018 04:01:27,19.8
12724,21/11/2018 04:16:27,19.7
12725,21/11/2018 04:31:27,19.7
12726,21/11/2018 04:46:27,19.7
12727,21/11/2018 05:01:27,19.7
12728,21/11/2018 05:16:27,19.6
12729,21/11/2018 05:31:27,19.6
12730,21/11/2018 05:46:27,19.7
12731,21/11/2018 06:01:27,20.4
12732,21/11/2018 06:16:27,21.1
12733,21/11/2018 06:31:27,21.6
12734,21/11/2018 06:46:27,22.1
12735,21/11/2018 07:01:27,22.4
12736,21/11/2018 07:16:27,22.6
12737,21/11/2018 07:31:27,22.8
12738,21/11/2018 07:46:27,22.9
12739,21/11/2018 08:01:27,22.9
12740,21/11/2018 08:16:27,23
12741,21/11/2018 08:31:27,23.1
12742,21/11/2018 08:46:27,23.1
12743,21/11/2018 09:01:27,23.3
12744,21/11/2018 09:16:27,23.6
12745,21/11/2018 09:31:27,23.6
12746,21/11/2018 09:46:27,23.6
12747,21/11/2018 10:01:27,23.8
12748,21/11/2018 10:16:27,24
12749,21/11/2018 10:31:27,24.2
12750,21/11/2018 10:46:27,24.5
12751,21/11/2018 11:01:27,24.9
12752,21/11/2018 11:16:27,25.2
12753,21/11/2018 11:31:27,25.6
12754,21/11/2018 11:46:27,25.8
12755,21/11/2018 12:01:27,26.1
12756,21/11/2018 12:16:27,26.3
12757,21/11/2018 12:31:27,26.5
12758,21/11/2018 12:46:27,26.6
12759,21/11/2018 13:01:27,26.8
12760,21/11/2018 13:16:27,27
12761,21/11/2018 13:31:27,27.1
12762,21/11/2018 13:46:27,27.1
12763,21/11/2018 14:01:27,27
12764,21/11/2018 14:16:27,26.8
12765,21/11/2018 14:31:27,26.8
12766,21/11/2018 14:46:27,26.8
12767,21/11/2018 15:01:27,27
12768,21/11/2018 15:16:27,27.2
12769,21/11/2018 15:31:27,27.4
12770,21/11/2018 15:46:27,27.5
12771,21/11/2018 16:01:27,27.4
12772,21/11/2018 16:16:27,27.5
12773,21/11/2018 16:31:27,27.6
12774,21/11/2018 16:46:27,27.6
12775,21/11/2018 17:01:27,27.7
12776,21/11/2018 17:16:27,27.7
12777,21/11/2018 17:31:27,27.7
12778,21/11/2018 17:46:27,27.7
12779,21/11/2018 18:01:27,27.7
12780,21/11/2018 18:16:27,27.6
12781,21/11/2018 18:31:27,27.3
12782,21/11/2018 18:46:27,27
12783,21/11/2018 19:01:27,26.6
12784,21/11/2018 19:16:27,26.4
12785,21/11/2018 19:31:27,26.1
12786,21/11/2018 19:46:27,25.3
12787,21/11/2018 20:01:27,24.6
12788,21/11/2018 20:16:27,24
12789,21/11/2018 20:31:27,23.5
12790,21/11/2018 20:46:27,23.1
12791,21/11/2018 21:01:27,22.7
12792,21/11/2018 21:16:27,22.2
12793,21/11/2018 21:31:27,21.9
12794,21/11/2018 21:46:27,21.6
12795,21/11/2018 22:01:27,21.3
12796,21/11/2018 22:16:27,21.1
12797,21/11/2018 22:31:27,20.9
12798,21/11/2018 22:46:27,20.8
12799,21/11/2018 23:01:27,20.6
12800,21/11/2018 23:16:27,20.5
12801,21/11/2018 23:31:27,20.4
12802,21/11/2018 23:46:27,20.3
12803,22/11/2018 00:01:27,20.2
12804,22/11/2018 00:16:27,20
12805,22/11/2018 00:31:27,19.9
12806,22/11/2018 00:46:27,19.8
12807,22/11/2018 01:01:27,19.8
12808,22/11/2018 01:16:27,19.8
12809,22/11/2018 01:31:27,19.7
12810,22/11/2018 01:46:27,19.7
12811,22/11/2018 02:01:27,19.6
12812,22/11/2018 02:16:27,19.6
12813,22/11/2018 02:31:27,19.5
12814,22/11/2018 02:46:27,19.4
12815,22/11/2018 03:01:27,19.4
12816,22/11/2018 03:16:27,19.3
12817,22/11/2018 03:31:27,19.3
12818,22/11/2018 03:46:27,19.2
12819,22/11/2018 04:01:27,19.2
12820,22/11/2018 04:16:27,19.2
12821,22/11/2018 04:31:27,19.1
12822,22/11/2018 04:46:27,19
12823,22/11/2018 05:01:27,19
12824,22/11/2018 05:16:27,18.9
12825,22/11/2018 05:31:27,19.7
12826,22/11/2018 05:46:27,20.5
12827,22/11/2018 06:01:27,21.2
12828,22/11/2018 06:16:27,21.7
12829,22/11/2018 06:31:27,22.1
12830,22/11/2018 06:46:27,22.3
12831,22/11/2018 07:01:27,22.6
12832,22/11/2018 07:16:27,22.8
12833,22/11/2018 07:31:27,22.9
12834,22/11/2018 07:46:27,23
12835,22/11/2018 08:01:27,23.1
12836,22/11/2018 08:16:27,23.2
12837,22/11/2018 08:31:27,23.4
12838,22/11/2018 08:46:27,23.5
12839,22/11/2018 09:01:27,23.7
12840,22/11/2018 09:16:27,23.8
12841,22/11/2018 09:31:27,24
12842,22/11/2018 09:46:27,24
12843,22/11/2018 10:01:27,24.1
12844,22/11/2018 10:16:27,24.3
12845,22/11/2018 10:31:27,24.5
12846,22/11/2018 10:46:27,24.9
12847,22/11/2018 11:01:27,25.4
12848,22/11/2018 11:16:27,25.6
12849,22/11/2018 11:31:27,25.9
12850,22/11/2018 11:46:27,26.2
12851,22/11/2018 12:01:27,26.5
12852,22/11/2018 12:16:27,26.9
12853,22/11/2018 12:31:27,27.1
12854,22/11/2018 12:46:27,27.3
12855,22/11/2018 13:01:27,27.5
12856,22/11/2018 13:16:27,27.6
12857,22/11/2018 13:31:27,27.4
12858,22/11/2018 13:46:27,27.1
12859,22/11/2018 14:01:27,26.6
12860,22/11/2018 14:16:27,26.2
12861,22/11/2018 14:31:27,26
12862,22/11/2018 14:46:27,25.8
12863,22/11/2018 15:01:27,26.1
12864,22/11/2018 15:16:27,26.4
12865,22/11/2018 15:31:27,26.7
12866,22/11/2018 15:46:27,27
12867,22/11/2018 16:01:27,27.2
12868,22/11/2018 16:16:27,27.4
12869,22/11/2018 16:31:27,27.5
12870,22/11/2018 16:46:27,27.7
12871,22/11/2018 17:01:27,27.6
12872,22/11/2018 17:16:27,27.5
12873,22/11/2018 17:31:27,27.4
12874,22/11/2018 17:46:27,27.3
12875,22/11/2018 18:01:27,27.1
12876,22/11/2018 18:16:27,26.8
12877,22/11/2018 18:31:27,26.5
12878,22/11/2018 18:46:27,26.2
12879,22/11/2018 19:01:27,25.9
12880,22/11/2018 19:16:27,25.7
12881,22/11/2018 19:31:27,25.4
12882,22/11/2018 19:46:27,24.6
12883,22/11/2018 20:01:27,23.7
12884,22/11/2018 20:16:27,23.1
12885,22/11/2018 20:31:27,22.6
12886,22/11/2018 20:46:27,22.2
12887,22/11/2018 21:01:27,21.9
12888,22/11/2018 21:16:27,21.6
12889,22/11/2018 21:31:27,21.4
12890,22/11/2018 21:46:27,21.1
12891,22/11/2018 22:01:27,20.9
12892,22/11/2018 22:16:27,20.9
12893,22/11/2018 22:31:27,20.9
12894,22/11/2018 22:46:27,20.7
12895,22/11/2018 23:01:27,20.5
12896,22/11/2018 23:16:27,20.4
12897,22/11/2018 23:31:27,20.3
12898,22/11/2018 23:46:27,20.3
12899,23/11/2018 00:01:27,20.1
12900,23/11/2018 00:16:27,20
12901,23/11/2018 00:31:27,19.9
12902,23/11/2018 00:46:27,19.9
12903,23/11/2018 01:01:27,19.8
12904,23/11/2018 01:16:27,19.7
12905,23/11/2018 01:31:27,19.6
12906,23/11/2018 01:46:27,19.6
12907,23/11/2018 02:01:27,19.5
12908,23/11/2018 02:16:27,19.5
12909,23/11/2018 02:31:27,19.5
12910,23/11/2018 02:46:27,19.4
12911,23/11/2018 03:01:27,19.4
12912,23/11/2018 03:16:27,19.4
12913,23/11/2018 03:31:27,19.3
12914,23/11/2018 03:46:27,19.3
12915,23/11/2018 04:01:27,19.3
12916,23/11/2018 04:16:27,19.3
12917,23/11/2018 04:31:27,19.3
12918,23/11/2018 04:46:27,19.2
12919,23/11/2018 05:01:27,19.2
12920,23/11/2018 05:16:27,19.2
12921,23/11/2018 05:31:27,19.5
12922,23/11/2018 05:46:27,20.4
12923,23/11/2018 06:01:27,21.1
12924,23/11/2018 06:16:27,21.6
12925,23/11/2018 06:31:27,22
12926,23/11/2018 06:46:27,22.3
12927,23/11/2018 07:01:27,22.6
12928,23/11/2018 07:16:27,22.9
12929,23/11/2018 07:31:27,23.1
12930,23/11/2018 07:46:27,23.2
12931,23/11/2018 08:01:27,23.3
12932,23/11/2018 08:16:27,23.4
12933,23/11/2018 08:31:27,23.5
12934,23/11/2018 08:46:27,23.5
12935,23/11/2018 09:01:27,23.6
12936,23/11/2018 09:16:27,23.8
12937,23/11/2018 09:31:27,23.9
12938,23/11/2018 09:46:27,24.1
12939,23/11/2018 10:01:27,24.3
12940,23/11/2018 10:16:27,24.6
12941,23/11/2018 10:31:27,24.8
12942,23/11/2018 10:46:27,25.1
12943,23/11/2018 11:01:27,25.4
12944,23/11/2018 11:16:27,25.5
12945,23/11/2018 11:31:27,25.7
12946,23/11/2018 11:46:27,25.7
12947,23/11/2018 12:01:27,25.8
12948,23/11/2018 12:16:27,25.8
12949,23/11/2018 12:31:27,25.9
12950,23/11/2018 12:46:27,25.9
12951,23/11/2018 13:01:27,25.9
12952,23/11/2018 13:16:27,25.8
12953,23/11/2018 13:31:27,25.7
12954,23/11/2018 13:46:27,25.8
12955,23/11/2018 14:01:27,25.8
12956,23/11/2018 14:16:27,25.9
12957,23/11/2018 14:31:27,26.1
12958,23/11/2018 14:46:27,26.2
12959,23/11/2018 15:01:27,26.2
12960,23/11/2018 15:16:27,26.2
12961,23/11/2018 15:31:27,26.2
12962,23/11/2018 15:46:27,26.2
12963,23/11/2018 16:01:27,26.2
12964,23/11/2018 16:16:27,26.2
12965,23/11/2018 16:31:27,26.1
12966,23/11/2018 16:46:27,26.1
12967,23/11/2018 17:01:27,26.1
12968,23/11/2018 17:16:27,26.1
12969,23/11/2018 17:31:27,26.1
12970,23/11/2018 17:46:27,26.1
12971,23/11/2018 18:01:27,26
12972,23/11/2018 18:16:27,26
12973,23/11/2018 18:31:27,26
12974,23/11/2018 18:46:27,26
12975,23/11/2018 19:01:27,26
12976,23/11/2018 19:16:27,26
12977,23/11/2018 19:31:27,25.9
12978,23/11/2018 19:46:27,25.3
12979,23/11/2018 20:01:27,24.5
12980,23/11/2018 20:16:27,23.9
12981,23/11/2018 20:31:27,23.5
12982,23/11/2018 20:46:27,23.1
12983,23/11/2018 21:01:27,22.8
12984,23/11/2018 21:16:27,22.5
12985,23/11/2018 21:31:27,22.2
12986,23/11/2018 21:46:27,22.1
12987,23/11/2018 22:01:27,21.9
12988,23/11/2018 22:16:27,21.8
12989,23/11/2018 22:31:27,21.6
12990,23/11/2018 22:46:27,21.5
12991,23/11/2018 23:01:27,21.4
12992,23/11/2018 23:16:27,21.3
12993,23/11/2018 23:31:27,21.2
12994,23/11/2018 23:46:27,21.1
12995,24/11/2018 00:01:27,21
12996,24/11/2018 00:16:27,20.9
12997,24/11/2018 00:31:27,20.9
12998,24/11/2018 00:46:27,20.8
12999,24/11/2018 01:01:27,20.7
13000,24/11/2018 01:16:27,20.6
13001,24/11/2018 01:31:27,20.6
13002,24/11/2018 01:46:27,20.5
13003,24/11/2018 02:01:27,20.4
13004,24/11/2018 02:16:27,20.4
13005,24/11/2018 02:31:27,20.3
13006,24/11/2018 02:46:27,20.3
13007,24/11/2018 03:01:27,20.3
13008,24/11/2018 03:16:27,20.2
13009,24/11/2018 03:31:27,20.2
13010,24/11/2018 03:46:27,20.1
13011,24/11/2018 04:01:27,20.1
13012,24/11/2018 04:16:27,20
13013,24/11/2018 04:31:27,20
13014,24/11/2018 04:46:27,19.9
13015,24/11/2018 05:01:27,19.9
13016,24/11/2018 05:16:27,19.8
13017,24/11/2018 05:31:27,19.8
13018,24/11/2018 05:46:27,19.8
13019,24/11/2018 06:01:27,19.8
13020,24/11/2018 06:16:27,19.8
13021,24/11/2018 06:31:27,19.7
13022,24/11/2018 06:46:27,19.7
13023,24/11/2018 07:01:27,19.7
13024,24/11/2018 07:16:27,19.6
13025,24/11/2018 07:31:27,19.6
13026,24/11/2018 07:46:27,19.6
13027,24/11/2018 08:01:27,19.5
13028,24/11/2018 08:16:27,19.5
13029,24/11/2018 08:31:27,19.5
13030,24/11/2018 08:46:27,19.5
13031,24/11/2018 09:01:27,19.4
13032,24/11/2018 09:16:27,19.4
13033,24/11/2018 09:31:27,19.4
13034,24/11/2018 09:46:27,19.3
13035,24/11/2018 10:01:27,19.3
13036,24/11/2018 10:16:27,19.3
13037,24/11/2018 10:31:27,19.3
13038,24/11/2018 10:46:27,19.3
13039,24/11/2018 11:01:27,19.2
13040,24/11/2018 11:16:27,19.2
13041,24/11/2018 11:31:27,19.2
13042,24/11/2018 11:46:27,19.2
13043,24/11/2018 12:01:27,19.2
13044,24/11/2018 12:16:27,19.2
13045,24/11/2018 12:31:27,19.2
13046,24/11/2018 12:46:27,19.2
13047,24/11/2018 13:01:27,19.2
13048,24/11/2018 13:16:27,19.3
13049,24/11/2018 13:31:27,19.4
13050,24/11/2018 13:46:27,19.5
13051,24/11/2018 14:01:27,19.6
13052,24/11/2018 14:16:27,19.7
13053,24/11/2018 14:31:27,19.8
13054,24/11/2018 14:46:27,19.7
13055,24/11/2018 15:01:27,19.6
13056,24/11/2018 15:16:27,19.5
13057,24/11/2018 15:31:27,19.4
13058,24/11/2018 15:46:27,19.3
13059,24/11/2018 16:01:27,19.2
13060,24/11/2018 16:16:27,19.2
13061,24/11/2018 16:31:27,19.2
13062,24/11/2018 16:46:27,19.1
13063,24/11/2018 17:01:27,19
13064,24/11/2018 17:16:27,19
13065,24/11/2018 17:31:27,18.9
13066,24/11/2018 17:46:27,18.9
13067,24/11/2018 18:01:27,18.8
13068,24/11/2018 18:16:27,18.8
13069,24/11/2018 18:31:27,18.7
13070,24/11/2018 18:46:27,18.7
13071,24/11/2018 19:01:27,18.7
13072,24/11/2018 19:16:27,18.6
13073,24/11/2018 19:31:27,18.6
13074,24/11/2018 19:46:27,18.6
13075,24/11/2018 20:01:27,18.6
13076,24/11/2018 20:16:27,18.6
13077,24/11/2018 20:31:27,18.6
13078,24/11/2018 20:46:27,18.5
13079,24/11/2018 21:01:27,18.5
13080,24/11/2018 21:16:27,18.5
13081,24/11/2018 21:31:27,18.5
13082,24/11/2018 21:46:27,18.5
13083,24/11/2018 22:01:27,18.4
13084,24/11/2018 22:16:27,18.4
13085,24/11/2018 22:31:27,18.4
13086,24/11/2018 22:46:27,18.4
13087,24/11/2018 23:01:27,18.3
13088,24/11/2018 23:16:27,18.3
13089,24/11/2018 23:31:27,18.3
13090,24/11/2018 23:46:27,18.2
13091,25/11/2018 00:01:27,18.2
13092,25/11/2018 00:16:27,18.2
13093,25/11/2018 00:31:27,18.2
13094,25/11/2018 00:46:27,18.1
13095,25/11/2018 01:01:27,18.1
13096,25/11/2018 01:16:27,18.1
13097,25/11/2018 01:31:27,18.1
13098,25/11/2018 01:46:27,18.1
13099,25/11/2018 02:01:27,18
13100,25/11/2018 02:16:27,18
13101,25/11/2018 02:31:27,18
13102,25/11/2018 02:46:27,18
13103,25/11/2018 03:01:27,18
13104,25/11/2018 03:16:27,18
13105,25/11/2018 03:31:27,18
13106,25/11/2018 03:46:27,18
13107,25/11/2018 04:01:27,17.9
13108,25/11/2018 04:16:27,17.9
13109,25/11/2018 04:31:27,17.9
13110,25/11/2018 04:46:27,17.9
13111,25/11/2018 05:01:27,17.8
13112,25/11/2018 05:16:27,17.8
13113,25/11/2018 05:31:27,17.8
13114,25/11/2018 05:46:27,17.8
13115,25/11/2018 06:01:27,17.7
13116,25/11/2018 06:16:27,17.7
13117,25/11/2018 06:31:27,17.7
13118,25/11/2018 06:46:27,17.6
13119,25/11/2018 07:01:27,17.6
13120,25/11/2018 07:16:27,17.6
13121,25/11/2018 07:31:27,17.7
13122,25/11/2018 07:46:27,17.7
13123,25/11/2018 08:01:27,17.7
13124,25/11/2018 08:16:27,17.7
13125,25/11/2018 08:31:27,17.8
13126,25/11/2018 08:46:27,17.7
13127,25/11/2018 09:01:27,17.7
13128,25/11/2018 09:16:27,17.8
13129,25/11/2018 09:31:27,17.7
13130,25/11/2018 09:46:27,17.7
13131,25/11/2018 10:01:27,17.8
13132,25/11/2018 10:16:27,17.8
13133,25/11/2018 10:31:27,17.8
13134,25/11/2018 10:46:27,17.8
13135,25/11/2018 11:01:27,17.8
13136,25/11/2018 11:16:27,17.9
13137,25/11/2018 11:31:27,17.9
13138,25/11/2018 11:46:27,17.9
13139,25/11/2018 12:01:27,17.9
13140,25/11/2018 12:16:27,18
13141,25/11/2018 12:31:27,18
13142,25/11/2018 12:46:27,18
13143,25/11/2018 13:01:27,18
13144,25/11/2018 13:16:27,17.9
13145,25/11/2018 13:31:27,17.9
13146,25/11/2018 13:46:27,17.8
13147,25/11/2018 14:01:27,17.8
13148,25/11/2018 14:16:27,17.8
13149,25/11/2018 14:31:27,17.8
13150,25/11/2018 14:46:27,17.7
13151,25/11/2018 15:01:27,17.7
13152,25/11/2018 15:16:27,17.7
13153,25/11/2018 15:31:27,17.6
13154,25/11/2018 15:46:27,17.6
13155,25/11/2018 16:01:27,17.6
13156,25/11/2018 16:16:27,17.6
13157,25/11/2018 16:31:27,17.5
13158,25/11/2018 16:46:27,17.5
13159,25/11/2018 17:01:27,17.6
13160,25/11/2018 17:16:27,17.7
13161,25/11/2018 17:31:27,17.7
13162,25/11/2018 17:46:27,17.7
13163,25/11/2018 18:01:27,17.7
13164,25/11/2018 18:16:27,17.7
13165,25/11/2018 18:31:27,17.7
13166,25/11/2018 18:46:27,17.7
13167,25/11/2018 19:01:27,17.6
13168,25/11/2018 19:16:27,17.6
13169,25/11/2018 19:31:27,17.6
13170,25/11/2018 19:46:27,17.6
13171,25/11/2018 20:01:27,17.6
13172,25/11/2018 20:16:27,17.5
13173,25/11/2018 20:31:27,17.5
13174,25/11/2018 20:46:27,17.5
13175,25/11/2018 21:01:27,17.5
13176,25/11/2018 21:16:27,17.4
13177,25/11/2018 21:31:27,17.4
13178,25/11/2018 21:46:27,17.4
13179,25/11/2018 22:01:27,17.4
13180,25/11/2018 22:16:27,17.4
13181,25/11/2018 22:31:27,17.8
13182,25/11/2018 22:46:27,18
13183,25/11/2018 23:01:27,18.3
13184,25/11/2018 23:16:27,18.5
13185,25/11/2018 23:31:27,18.7
13186,25/11/2018 23:46:27,18.8
13187,26/11/2018 00:01:27,19
13188,26/11/2018 00:16:27,19.1
13189,26/11/2018 00:31:27,19.2
13190,26/11/2018 00:46:27,19.2
13191,26/11/2018 01:01:27,19.2
13192,26/11/2018 01:16:27,19.3
13193,26/11/2018 01:31:27,19.4
13194,26/11/2018 01:46:27,19.4
13195,26/11/2018 02:01:27,19.5
13196,26/11/2018 02:16:27,19.5
13197,26/11/2018 02:31:27,19.5
13198,26/11/2018 02:46:27,19.6
13199,26/11/2018 03:01:27,19.6
13200,26/11/2018 03:16:27,19.6
13201,26/11/2018 03:31:27,19.7
13202,26/11/2018 03:46:27,19.7
13203,26/11/2018 04:01:27,19.7
13204,26/11/2018 04:16:27,19.7
13205,26/11/2018 04:31:27,19.7
13206,26/11/2018 04:46:27,19.7
13207,26/11/2018 05:01:27,19.7
13208,26/11/2018 05:16:27,19.7
13209,26/11/2018 05:31:27,19.7
13210,26/11/2018 05:46:27,19.7
13211,26/11/2018 06:01:27,20
13212,26/11/2018 06:16:27,20.4
13213,26/11/2018 06:31:27,20.8
13214,26/11/2018 06:46:27,21
13215,26/11/2018 07:01:27,21.3
13216,26/11/2018 07:16:27,21.5
13217,26/11/2018 07:31:27,21.6
13218,26/11/2018 07:46:27,21.8
13219,26/11/2018 08:01:27,22
13220,26/11/2018 08:16:27,22.2
13221,26/11/2018 08:31:27,22.4
13222,26/11/2018 08:46:27,22.6
13223,26/11/2018 09:01:27,22.8
13224,26/11/2018 09:16:27,22.9
13225,26/11/2018 09:31:27,23
13226,26/11/2018 09:46:27,23.2
13227,26/11/2018 10:01:27,23.2
13228,26/11/2018 10:16:27,23.4
13229,26/11/2018 10:31:27,23.6
13230,26/11/2018 10:46:27,23.8
13231,26/11/2018 11:01:27,24
13232,26/11/2018 11:16:27,24.1
13233,26/11/2018 11:31:27,24.3
13234,26/11/2018 11:46:27,24.5
13235,26/11/2018 12:01:27,24.7
13236,26/11/2018 12:16:27,24.8
13237,26/11/2018 12:31:27,25
13238,26/11/2018 12:46:27,25.1
13239,26/11/2018 13:01:27,25.2
13240,26/11/2018 13:16:27,25.2
13241,26/11/2018 13:31:27,25.2
13242,26/11/2018 13:46:27,25.1
13243,26/11/2018 14:01:27,25
13244,26/11/2018 14:16:27,25
13245,26/11/2018 14:31:27,25.1
13246,26/11/2018 14:46:27,25.1
13247,26/11/2018 15:01:27,25.3
13248,26/11/2018 15:16:27,25.4
13249,26/11/2018 15:31:27,25.6
13250,26/11/2018 15:46:27,25.6
13251,26/11/2018 16:01:27,25.7
13252,26/11/2018 16:16:27,25.7
13253,26/11/2018 16:31:27,25.8
13254,26/11/2018 16:46:27,25.7
13255,26/11/2018 17:01:27,25.8
13256,26/11/2018 17:16:27,25.8
13257,26/11/2018 17:31:27,25.9
13258,26/11/2018 17:46:27,25.9
13259,26/11/2018 18:01:27,25.9
13260,26/11/2018 18:16:27,25.8
13261,26/11/2018 18:31:27,25.7
13262,26/11/2018 18:46:27,25.5
13263,26/11/2018 19:01:27,25.4
13264,26/11/2018 19:16:27,25.4
13265,26/11/2018 19:31:27,25.3
13266,26/11/2018 19:46:27,24.7
13267,26/11/2018 20:01:27,24
13268,26/11/2018 20:16:27,23.5
13269,26/11/2018 20:31:27,22.9
13270,26/11/2018 20:46:27,22.6
13271,26/11/2018 21:01:27,22.2
13272,26/11/2018 21:16:27,22
13273,26/11/2018 21:31:27,21.7
13274,26/11/2018 21:46:27,21.5
13275,26/11/2018 22:01:27,21.3
13276,26/11/2018 22:16:27,21
13277,26/11/2018 22:31:27,20.8
13278,26/11/2018 22:46:27,20.5
13279,26/11/2018 23:01:27,20.3
13280,26/11/2018 23:16:27,20.2
13281,26/11/2018 23:31:27,20
13282,26/11/2018 23:46:27,19.9
13283,27/11/2018 00:01:27,19.8
13284,27/11/2018 00:16:27,19.7
13285,27/11/2018 00:31:27,19.6
13286,27/11/2018 00:46:27,19.5
13287,27/11/2018 01:01:27,19.4
13288,27/11/2018 01:16:27,19.3
13289,27/11/2018 01:31:27,19.3
13290,27/11/2018 01:46:27,19.2
13291,27/11/2018 02:01:27,19.2
13292,27/11/2018 02:16:27,19.2
13293,27/11/2018 02:31:27,19.2
13294,27/11/2018 02:46:27,19.2
13295,27/11/2018 03:01:27,19.1
13296,27/11/2018 03:16:27,19.1
13297,27/11/2018 03:31:27,19
13298,27/11/2018 03:46:27,19
13299,27/11/2018 04:01:27,19
13300,27/11/2018 04:16:27,19.1
13301,27/11/2018 04:31:27,19.8
13302,27/11/2018 04:46:27,20.5
13303,27/11/2018 05:01:27,21
13304,27/11/2018 05:16:27,21.5
13305,27/11/2018 05:31:27,21.8
13306,27/11/2018 05:46:27,22.1
13307,27/11/2018 06:01:27,22.2
13308,27/11/2018 06:16:27,22.4
13309,27/11/2018 06:31:27,22.5
13310,27/11/2018 06:46:27,22.7
13311,27/11/2018 07:01:27,22.8
13312,27/11/2018 07:16:27,22.9
13313,27/11/2018 07:31:27,22.9
13314,27/11/2018 07:46:27,23
13315,27/11/2018 08:01:27,23.1
13316,27/11/2018 08:16:27,23.2
13317,27/11/2018 08:31:27,23.3
13318,27/11/2018 08:46:27,23.5
13319,27/11/2018 09:01:27,23.7
13320,27/11/2018 09:16:27,23.9
13321,27/11/2018 09:31:27,24
13322,27/11/2018 09:46:27,24.1
13323,27/11/2018 10:01:27,24.3
13324,27/11/2018 10:16:27,24.6
13325,27/11/2018 10:31:27,24.8
13326,27/11/2018 10:46:27,25.1
13327,27/11/2018 11:01:27,25.3
13328,27/11/2018 11:16:27,25.4
13329,27/11/2018 11:31:27,25.6
13330,27/11/2018 11:46:27,25.8
13331,27/11/2018 12:01:27,26
13332,27/11/2018 12:16:27,26.2
13333,27/11/2018 12:31:27,26.4
13334,27/11/2018 12:46:27,26.4
13335,27/11/2018 13:01:27,26.4
13336,27/11/2018 13:16:27,26.3
13337,27/11/2018 13:31:27,26.2
13338,27/11/2018 13:46:27,26.3
13339,27/11/2018 14:01:27,26.3
13340,27/11/2018 14:16:27,26.3
13341,27/11/2018 14:31:27,26.3
13342,27/11/2018 14:46:27,26.4
13343,27/11/2018 15:01:27,26.4
13344,27/11/2018 15:16:27,26.5
13345,27/11/2018 15:31:27,26.6
13346,27/11/2018 15:46:27,26.7
13347,27/11/2018 16:01:27,26.7
13348,27/11/2018 16:16:27,26.8
13349,27/11/2018 16:31:27,26.8
13350,27/11/2018 16:46:27,26.9
13351,27/11/2018 17:01:27,26.9
13352,27/11/2018 17:16:27,27
13353,27/11/2018 17:31:27,26.9
13354,27/11/2018 17:46:27,26.8
13355,27/11/2018 18:01:27,26.7
13356,27/11/2018 18:16:27,26.5
13357,27/11/2018 18:31:27,26.3
13358,27/11/2018 18:46:27,26.2
13359,27/11/2018 19:01:27,26
13360,27/11/2018 19:16:27,25.8
13361,27/11/2018 19:31:27,25.4
13362,27/11/2018 19:46:27,24.7
13363,27/11/2018 20:01:27,24.1
13364,27/11/2018 20:16:27,23.6
13365,27/11/2018 20:31:27,23.2
13366,27/11/2018 20:46:27,22.9
13367,27/11/2018 21:01:27,22.7
13368,27/11/2018 21:16:27,22.5
13369,27/11/2018 21:31:27,22.2
13370,27/11/2018 21:46:27,22.1
13371,27/11/2018 22:01:27,21.9
13372,27/11/2018 22:16:27,21.7
13373,27/11/2018 22:31:27,21.4
13374,27/11/2018 22:46:27,21.2
13375,27/11/2018 23:01:27,21
13376,27/11/2018 23:16:27,20.9
13377,27/11/2018 23:31:27,20.7
13378,27/11/2018 23:46:27,20.6
13379,28/11/2018 00:01:27,20.4
13380,28/11/2018 00:16:27,20.3
13381,28/11/2018 00:31:27,20.3
13382,28/11/2018 00:46:27,20.2
13383,28/11/2018 01:01:27,20.1
13384,28/11/2018 01:16:27,20
13385,28/11/2018 01:31:27,19.9
13386,28/11/2018 01:46:27,19.9
13387,28/11/2018 02:01:27,19.8
13388,28/11/2018 02:16:27,19.8
13389,28/11/2018 02:31:27,19.7
13390,28/11/2018 02:46:27,19.6
13391,28/11/2018 03:01:27,19.6
13392,28/11/2018 03:16:27,19.5
13393,28/11/2018 03:31:27,19.5
13394,28/11/2018 03:46:27,19.4
13395,28/11/2018 04:01:27,19.4
13396,28/11/2018 04:16:27,19.3
13397,28/11/2018 04:31:27,19.7
13398,28/11/2018 04:46:27,20.1
13399,28/11/2018 05:01:27,20.3
13400,28/11/2018 05:16:27,20.5
13401,28/11/2018 05:31:27,20.7
13402,28/11/2018 05:46:27,20.9
13403,28/11/2018 06:01:27,20.9
13404,28/11/2018 06:16:27,21.1
13405,28/11/2018 06:31:27,21.5
13406,28/11/2018 06:46:27,21.9
13407,28/11/2018 07:01:27,22.2
13408,28/11/2018 07:16:27,22.4
13409,28/11/2018 07:31:27,22.6
13410,28/11/2018 07:46:27,22.8
13411,28/11/2018 08:01:27,22.9
13412,28/11/2018 08:16:27,23.1
13413,28/11/2018 08:31:27,23.1
13414,28/11/2018 08:46:27,23.2
13415,28/11/2018 09:01:27,23.4
13416,28/11/2018 09:16:27,23.5
13417,28/11/2018 09:31:27,23.6
13418,28/11/2018 09:46:27,23.8
13419,28/11/2018 10:01:27,24
13420,28/11/2018 10:16:27,24.2
13421,28/11/2018 10:31:27,24.4
13422,28/11/2018 10:46:27,24.7
13423,28/11/2018 11:01:27,24.9
13424,28/11/2018 11:16:27,25.2
13425,28/11/2018 11:31:27,25.4
13426,28/11/2018 11:46:27,25.6
13427,28/11/2018 12:01:27,25.7
13428,28/11/2018 12:16:27,25.9
13429,28/11/2018 12:31:27,26
13430,28/11/2018 12:46:27,26
13431,28/11/2018 13:01:27,26.1
13432,28/11/2018 13:16:27,26.2
13433,28/11/2018 13:31:27,26.2
13434,28/11/2018 13:46:27,26.2
13435,28/11/2018 14:01:27,26.1
13436,28/11/2018 14:16:27,26
13437,28/11/2018 14:31:27,26
13438,28/11/2018 14:46:27,26
13439,28/11/2018 15:01:27,26
13440,28/11/2018 15:16:27,26.1
13441,28/11/2018 15:31:27,26.1
13442,28/11/2018 15:46:27,26.1
13443,28/11/2018 16:01:27,26
13444,28/11/2018 16:16:27,26
13445,28/11/2018 16:31:27,26.1
13446,28/11/2018 16:46:27,26.2
13447,28/11/2018 17:01:27,26.2
13448,28/11/2018 17:16:27,26.2
13449,28/11/2018 17:31:27,26.2
13450,28/11/2018 17:46:27,26.2
13451,28/11/2018 18:01:27,26.2
13452,28/11/2018 18:16:27,26.1
13453,28/11/2018 18:31:27,26
13454,28/11/2018 18:46:27,25.7
13455,28/11/2018 19:01:27,25.4
13456,28/11/2018 19:16:27,25.2
13457,28/11/2018 19:31:27,24.7
13458,28/11/2018 19:46:27,24.2
13459,28/11/2018 20:01:27,23.9
13460,28/11/2018 20:16:27,23.6
13461,28/11/2018 20:31:27,23.4
13462,28/11/2018 20:46:27,23.2
13463,28/11/2018 21:01:27,23
13464,28/11/2018 21:16:27,22.9
13465,28/11/2018 21:31:27,22.7
13466,28/11/2018 21:46:27,22.6
13467,28/11/2018 22:01:27,22.3
13468,28/11/2018 22:16:27,22.1
13469,28/11/2018 22:31:27,21.9
13470,28/11/2018 22:46:27,21.8
13471,28/11/2018 23:01:27,21.6
13472,28/11/2018 23:16:27,21.5
13473,28/11/2018 23:31:27,21.4
13474,28/11/2018 23:46:27,21.3
13475,29/11/2018 00:01:27,21.2
13476,29/11/2018 00:16:27,21.1
13477,29/11/2018 00:31:27,21
13478,29/11/2018 00:46:27,20.9
13479,29/11/2018 01:01:27,20.9
13480,29/11/2018 01:16:27,20.8
13481,29/11/2018 01:31:27,20.7
13482,29/11/2018 01:46:27,20.6
13483,29/11/2018 02:01:27,20.5
13484,29/11/2018 02:16:27,20.5
13485,29/11/2018 02:31:27,20.4
13486,29/11/2018 02:46:27,20.3
13487,29/11/2018 03:01:27,20.3
13488,29/11/2018 03:16:27,20.3
13489,29/11/2018 03:31:27,20.2
13490,29/11/2018 03:46:27,20.2
13491,29/11/2018 04:01:27,20.1
13492,29/11/2018 04:16:27,20.1
13493,29/11/2018 04:31:27,20
13494,29/11/2018 04:46:27,20
13495,29/11/2018 05:01:27,20
13496,29/11/2018 05:16:27,20.3
13497,29/11/2018 05:31:27,20.6
13498,29/11/2018 05:46:27,20.8
13499,29/11/2018 06:01:27,21
13500,29/11/2018 06:16:27,21.3
13501,29/11/2018 06:31:27,21.7
13502,29/11/2018 06:46:27,22.1
13503,29/11/2018 07:01:27,22.4
13504,29/11/2018 07:16:27,22.6
13505,29/11/2018 07:31:27,22.8
13506,29/11/2018 07:46:27,22.9
13507,29/11/2018 08:01:27,22.9
13508,29/11/2018 08:16:27,23
13509,29/11/2018 08:31:27,23.2
13510,29/11/2018 08:46:27,23.4
13511,29/11/2018 09:01:27,23.6
13512,29/11/2018 09:16:27,23.9
13513,29/11/2018 09:31:27,24
13514,29/11/2018 09:46:27,24.2
13515,29/11/2018 10:01:27,24.3
13516,29/11/2018 10:16:27,24.4
13517,29/11/2018 10:31:27,24.6
13518,29/11/2018 10:46:27,24.7
13519,29/11/2018 11:01:27,25
13520,29/11/2018 11:16:27,25.2
13521,29/11/2018 11:31:27,25.3
13522,29/11/2018 11:46:27,25.4
13523,29/11/2018 12:01:27,25.6
13524,29/11/2018 12:16:27,25.7
13525,29/11/2018 12:31:27,25.8
13526,29/11/2018 12:46:27,25.8
13527,29/11/2018 13:01:27,25.9
13528,29/11/2018 13:16:27,26
13529,29/11/2018 13:31:27,26
13530,29/11/2018 13:46:27,26
13531,29/11/2018 14:01:27,26.1
13532,29/11/2018 14:16:27,26.2
13533,29/11/2018 14:31:27,26.3
13534,29/11/2018 14:46:27,26.4
13535,29/11/2018 15:01:27,26.5
13536,29/11/2018 15:16:27,26.6
13537,29/11/2018 15:31:27,26.7
13538,29/11/2018 15:46:27,26.7
13539,29/11/2018 16:01:27,26.7
13540,29/11/2018 16:16:27,26.7
13541,29/11/2018 16:31:27,26.7
13542,29/11/2018 16:46:27,26.6
13543,29/11/2018 17:01:27,26.6
13544,29/11/2018 17:16:27,26.6
13545,29/11/2018 17:31:27,26.5
13546,29/11/2018 17:46:27,26.5
13547,29/11/2018 18:01:27,26.4
13548,29/11/2018 18:16:27,26.4
13549,29/11/2018 18:31:27,26.4
13550,29/11/2018 18:46:27,26.2
13551,29/11/2018 19:01:27,26.2
13552,29/11/2018 19:16:27,25.7
13553,29/11/2018 19:31:27,24.9
13554,29/11/2018 19:46:27,24.2
13555,29/11/2018 20:01:27,23.6
13556,29/11/2018 20:16:27,23.2
13557,29/11/2018 20:31:27,22.9
13558,29/11/2018 20:46:27,22.5
13559,29/11/2018 21:01:27,22.2
13560,29/11/2018 21:16:27,22
13561,29/11/2018 21:31:27,21.8
13562,29/11/2018 21:46:27,21.6
13563,29/11/2018 22:01:27,21.4
13564,29/11/2018 22:16:27,21.3
13565,29/11/2018 22:31:27,21.1
13566,29/11/2018 22:46:27,21
13567,29/11/2018 23:01:27,20.9
13568,29/11/2018 23:16:27,20.8
13569,29/11/2018 23:31:27,20.7
13570,29/11/2018 23:46:27,20.6
13571,30/11/2018 00:01:27,20.5
13572,30/11/2018 00:16:27,20.4
13573,30/11/2018 00:31:27,20.3
13574,30/11/2018 00:46:27,20.3
13575,30/11/2018 01:01:27,20.2
13576,30/11/2018 01:16:27,20.1
13577,30/11/2018 01:31:27,20.1
13578,30/11/2018 01:46:27,20
13579,30/11/2018 02:01:27,20
13580,30/11/2018 02:16:27,19.9
13581,30/11/2018 02:31:27,19.8
13582,30/11/2018 02:46:27,19.8
13583,30/11/2018 03:01:27,19.8
13584,30/11/2018 03:16:27,19.8
13585,30/11/2018 03:31:27,19.7
13586,30/11/2018 03:46:27,19.7
13587,30/11/2018 04:01:27,19.6
13588,30/11/2018 04:16:27,19.6
13589,30/11/2018 04:31:27,19.5
13590,30/11/2018 04:46:27,19.5
13591,30/11/2018 05:01:27,19.4
13592,30/11/2018 05:16:27,19.4
13593,30/11/2018 05:31:27,19.4
13594,30/11/2018 05:46:27,19.4
13595,30/11/2018 06:01:27,19.8
13596,30/11/2018 06:16:27,20.1
13597,30/11/2018 06:31:27,20.6
13598,30/11/2018 06:46:27,21.2
13599,30/11/2018 07:01:27,21.6
13600,30/11/2018 07:16:27,21.9
13601,30/11/2018 07:31:27,22.2
13602,30/11/2018 07:46:27,22.4
13603,30/11/2018 08:01:27,22.6
13604,30/11/2018 08:16:27,22.8
13605,30/11/2018 08:31:27,22.9
13606,30/11/2018 08:46:27,23.1
13607,30/11/2018 09:01:27,23.3
13608,30/11/2018 09:16:27,23.5
13609,30/11/2018 09:31:27,23.7
13610,30/11/2018 09:46:27,23.9
13611,30/11/2018 10:01:27,24.1
13612,30/11/2018 10:16:27,24.2
13613,30/11/2018 10:31:27,24.4
13614,30/11/2018 10:46:27,24.6
13615,30/11/2018 11:01:27,24.8
13616,30/11/2018 11:16:27,25.1
13617,30/11/2018 11:31:27,25.4
13618,30/11/2018 11:46:27,25.5
13619,30/11/2018 12:01:27,25.6
13620,30/11/2018 12:16:27,25.7
13621,30/11/2018 12:31:27,25.8
13622,30/11/2018 12:46:27,25.8
13623,30/11/2018 13:01:27,25.7
13624,30/11/2018 13:16:27,25.7
13625,30/11/2018 13:31:27,25.6
13626,30/11/2018 13:46:27,25.5
13627,30/11/2018 14:01:27,25.4
13628,30/11/2018 14:16:27,25.4
13629,30/11/2018 14:31:27,25.4
13630,30/11/2018 14:46:27,25.4
13631,30/11/2018 15:01:27,25.5
13632,30/11/2018 15:16:27,25.6
13633,30/11/2018 15:31:27,25.7
13634,30/11/2018 15:46:27,25.8
13635,30/11/2018 16:01:27,25.9
13636,30/11/2018 16:16:27,26
13637,30/11/2018 16:31:27,26
13638,30/11/2018 16:46:27,25.9
13639,30/11/2018 17:01:27,25.7
13640,30/11/2018 17:16:27,25.6
13641,30/11/2018 17:31:27,25.7
13642,30/11/2018 17:46:27,25.7
13643,30/11/2018 18:01:27,25.6
13644,30/11/2018 18:16:27,25.6
13645,30/11/2018 18:31:27,25.5
13646,30/11/2018 18:46:27,25.3
13647,30/11/2018 19:01:27,25.2
13648,30/11/2018 19:16:27,24.8
13649,30/11/2018 19:31:27,24.2
13650,30/11/2018 19:46:27,23.6
13651,30/11/2018 20:01:27,23.2
13652,30/11/2018 20:16:27,22.8
13653,30/11/2018 20:31:27,22.4
13654,30/11/2018 20:46:27,22.2
13655,30/11/2018 21:01:27,21.9
13656,30/11/2018 21:16:27,21.7
13657,30/11/2018 21:31:27,21.5
13658,30/11/2018 21:46:27,21.4
13659,30/11/2018 22:01:27,21.2
13660,30/11/2018 22:16:27,21.1
13661,30/11/2018 22:31:27,21
13662,30/11/2018 22:46:27,20.9
13663,30/11/2018 23:01:27,20.8
13664,30/11/2018 23:16:27,20.7
13665,30/11/2018 23:31:27,20.6
13666,30/11/2018 23:46:27,20.5
